Country,Year,"Energy production, primary (Petajoules)",Energy supply per capita (Gigajoules),Forested area (% of land area),Important sites for terrestrial biodiversity protected (%),Individuals using the Internet (per 100 inhabitants),Net Official Development Assist. disbursed (% of GNI),Net Official Development Assist. received (% of GNI),Research & Development expenditure (% of GDP),Threatened species (number),Tourist/visitor arrivals at national borders (000),CO2 emission estimates - Total (million tons),CO2 emission estimates - Per capita (tons per capita),CO2 emission estimates - Total/CO2 emission estimates - Per capita Ratio,Pop. using safely managed drinking water - Urban (%),Pop. using safely managed drinking water - Rural (%),Pop. using safely managed drinking water - Urban/Pop. using safely managed drinking water - Rural Ratio,Pop. using safely managed sanitation - Urban (%),Pop. using safely managed sanitation - Rural (%),Pop. using safely managed sanitation - Urban/Pop. using safely managed sanitation - Rural Ratio
Afghanistan,2015,61,5,1.9,5.8,8.3,,22.14,,38,,9.5,0.3,3166.666667,31.8,21.2,150,,,
Afghanistan,2020,78,5,1.9,46.4,17.6,,20.73,,40,,11.3,0.3,3766.666667,35.6,25.9,137.4517375,,,
Afghanistan,2024,91,4,1.9,46.4,,,,,57,,10,0.2,5000,36.4,27.7,131.4079422,,,
Albania,2015,87,32,28.8,47.7,56.9,,2.91,,112,3784,3.8,1.3,292.3076923,,,,34,,
Albania,2020,63,30,28.8,48.6,72.2,,2.08,,142,2604,3.5,1.2,291.6666667,,,,45.2,,
Albania,2024,76,33,28.8,48.6,82.6,,3.52,,165,7105,3.9,1.4,278.5714286,,,,49.6,,
Algeria,2015,5883,56,0.8,42.4,38.2,,0.04,,114,1710,126.1,3.2,3940.625,81.5,65.9,123.6722307,65.8,54.1,121.6266174
Algeria,2020,5458,54,0.8,43.5,60.7,,0.15,0.5,155,591,133.6,3.1,4309.677419,74.5,65.8,113.2218845,64.8,55.7,116.3375224
Algeria,2024,6214,58,0.8,43.5,71.2,,0.13,,186,1398,146,3.3,4424.242424,73.1,63.1,115.8478605,64.6,56,115.3571429
American Samoa,2015,0,110,86.4,71.1,,,,,90,20,0.4,8,5,,,,,,
American Samoa,2020,0,116,85.6,71.1,,,,,99,1,0.4,8.5,4.705882353,,,,,,
American Samoa,2024,0,119,85.5,71.1,,,,,109,,0.4,8.7,4.597701149,,,,,,
Andorra,2015,0,122,34,26.2,87.9,,,,11,2663,0.5,6.7,7.462686567,,,,98.2,98.2,100
Andorra,2020,1,96,34,26.2,93.2,,,,15,1872,0.4,5,8,,,,100,100,100
Andorra,2024,1,101,34,26.2,94.5,,,,17,3555,0.4,5.4,7.407407407,,,,100,100,100
Angola,2015,4051,19,55.7,31.3,22,,0.46,,130,592,17.9,0.6,2983.333333,,,,,,
Angola,2020,3315,15,53.4,31.3,36.6,,0.23,0,171,64,11.8,0.4,2950,,,,,,
Angola,2024,2940,16,53,31.3,39.3,,0.37,,239,130,14.5,0.4,3625,,,,,,
Anguilla,2015,0,136,61.1,18.6,76,,,,51,73,0.1,9.6,1.041666667,,,,,,
Anguilla,2020,0,126,61.1,18.6,81.6,,,,60,25,0.1,8.9,1.123595506,,,,,,
Anguilla,2024,0,128,61.1,18.6,,,,,85,74,0.1,9.1,1.098901099,,,,,,
Antigua and Barbuda,2015,0,91,19.2,9.1,70,,0.12,,53,250,0.6,6.6,9.090909091,,,,,,
Antigua and Barbuda,2020,0,94,18.5,14,86.9,,1.93,,61,125,0.6,6.8,8.823529412,,,,,,
Antigua and Barbuda,2024,0,96,18.3,14,91.4,,0.42,,88,265,0.6,6.9,8.695652174,,,,,,
Argentina,2015,3063,79,10.6,31.1,68,,0,0.6,243,6816,184.6,4.3,4293.023256,,,,46,,
Argentina,2020,3060,68,10.4,32.1,85.5,,0.03,0.5,285,2090,157.9,3.5,4511.428571,,,,46.2,,
Argentina,2024,3158,75,10.4,32.3,88.4,,0.03,0.5,373,3890,183.1,4,4577.5,,,,46.2,,
Armenia,2015,45,47,11.6,22.6,59.1,,3.16,0.2,111,1192,5.4,1.9,284.2105263,,,,1.1,,
Armenia,2020,45,56,11.5,22.6,76.5,,1.02,0.2,119,375,6.5,2.3,282.6086957,,,,0,,
Armenia,2024,39,57,11.5,22.6,77,,1.2,0.2,120,1666,7.1,2.5,284,,,,0,,
Aruba,2015,1,122,2.3,37.1,88.7,,,,29,1225,0.9,8.7,10.34482759,,,,,,
Aruba,2020,1,111,2.3,37.1,97.2,,,,44,368,0.8,7.8,10.25641026,,,,,,
Aruba,2024,1,117,2.3,37.1,,,,,86,1101,0.9,8.2,10.97560976,,,,,,
Australia,2015,16033,224,17.3,51.8,84.6,1.15,,1.9,909,7449,368.1,15.5,2374.83871,99.7,,,,,
Australia,2020,18958,220,17.4,57.3,94.7,0.22,,1.8,1308,1828,383.5,14.9,2573.825503,99.6,,,,,
Australia,2024,17855,212,17.4,57.3,94.9,0.19,,,1880,3694,366.8,14.2,2583.098592,99.5,,,,,
Austria,2015,501,159,47,67.4,83.9,1.25,,3,106,26728,59,6.8,867.6470588,,,,100,99.3,100.7049345
Austria,2020,503,149,47.3,67.8,87.5,0.02,,3.2,185,15091,54.9,6.2,885.483871,,,,100,99.3,100.7049345
Austria,2024,507,156,47.3,67.9,93.6,0.64,,3.3,182,26215,57.8,6.5,889.2307692,,,,100,99.3,100.7049345
Azerbaijan,2015,2474,61,13,36.1,77,,0.14,0.2,92,1922,33.7,3.4,991.1764706,91.5,72.6,126.0330579,56.5,,
Azerbaijan,2020,2412,63,13.7,36.6,84.6,0.1,0.29,0.2,102,587,33.7,3.3,1021.212121,92.3,78.7,117.2808132,60.2,,
Azerbaijan,2024,2624,66,13.8,36.6,88,0.06,0.02,0.2,102,1508,35.2,3.4,1035.294118,92.3,81.1,113.810111,63,,
Bahamas,2015,0,81,50.9,29.8,78,,,,81,1496,2.3,5.8,39.65517241,,,,,,
Bahamas,2020,0,72,50.9,29.8,92.4,,,,96,441,2.1,5.1,41.17647059,,,,,,
Bahamas,2024,0,87,50.9,29.8,94.4,,,,144,1452,2.5,6.2,40.32258065,,,,,,
Bahrain,2015,957,424,0.8,0,93.5,,,0.1,32,9670,29.1,21.4,135.9813084,,,,,,
Bahrain,2020,1045,451,0.9,0,99.7,,,,47,1909,33.7,22.8,147.8070175,,,,,,
Bahrain,2024,1024,444,0.9,0,100,,,,67,9949,32.3,22.1,146.1538462,,,,,,
Bangladesh,2015,1475,12,14.5,41.5,12.9,,1.25,,137,126,74.8,0.5,14960,47.1,61.3,76.83523654,27.3,20.3,134.4827586
Bangladesh,2020,1453,13,14.5,42.1,36.1,,1.38,,165,182,93.5,0.6,15583.33333,53,62.2,85.20900322,28.2,29.5,95.59322034
Bangladesh,2024,1455,13,14.5,42.1,44.5,,1.16,,243,135,105.3,0.6,17550,54.2,62.4,86.85897436,28.8,32.4,88.88888889
Barbados,2015,3,64,14.7,1.8,72,,0.35,,51,592,1.3,4.6,28.26086957,,,,,,
Barbados,2020,2,60,14.7,1.8,72.7,,,,62,207,1.2,4.2,28.57142857,,,,,,
Barbados,2024,2,55,14.7,1.8,76.2,,,,90,540,1.1,3.8,28.94736842,,,,,,
Belarus,2015,163,110,42.5,87.9,67.3,,0.19,0.5,21,4386,53.4,5.5,970.9090909,,,,81.5,55.5,146.8468468
Belarus,2020,187,109,43.2,87.9,85.1,,0.56,0.5,30,3598,53.2,5.5,967.2727273,,,,81.6,49.7,164.1851107
Belarus,2024,253,119,43.3,87.9,89.5,,0.21,0.5,33,4920,55,5.7,964.9122807,,,,81.5,48.7,167.3511294
Belgium,2015,446,194,22.8,66.6,85.1,0.79,,2.4,30,8355,89.6,8,1120,,,,,,
Belgium,2020,572,181,22.8,75.5,91.5,0.86,,3.4,66,2584,79.3,6.9,1149.275362,,,,,,
Belgium,2024,747,199,22.8,75.8,94,0.86,,3.4,60,8220,83,7.1,1169.014085,,,,,,
Belize,2015,9,43,58.4,43.3,41.6,,1.73,,117,341,0.7,1.8,38.88888889,,,,,,
Belize,2020,7,38,56,43.3,57.1,,4.54,,143,144,0.6,1.5,40,,,,,,
Belize,2024,8,42,55.5,43.3,70.4,,4.53,,235,373,0.6,1.5,40,,,,,,
Benin,2015,104,16,30,66.7,11.3,,3.87,,74,255,5.2,0.5,1040,,,,3.3,1.4,235.7142857
Benin,2020,124,16,27.8,66.7,22.1,,6.78,,106,325,5.2,0.4,1300,,,,3.6,1.8,200
Benin,2024,124,16,27.4,66.7,33.8,,4.83,,135,,5.4,0.4,1350,,,,3.6,1.8,200
Bermuda,2015,1,128,18.5,52,98.3,,,0.2,64,220,0.6,8.8,6.818181818,,,,,,
Bermuda,2020,1,102,18.5,52,98.4,,,0.2,80,42,0.4,6.9,5.797101449,,,,,,
Bermuda,2024,1,119,18.5,52,,,,,92,146,0.5,8.2,6.097560976,,,,,,
Bhutan,2015,77,95,71.2,47,39.8,,5.23,,71,155,1.1,1.5,73.33333333,44.9,49.1,91.44602851,43.5,51.2,84.9609375
Bhutan,2020,91,92,71.4,47,76.9,,9.33,,101,30,0.9,1.2,75,54.9,79.6,68.96984925,40.9,56.8,72.00704225
Bhutan,2024,93,101,71.5,47,86.8,,,,127,21,1.2,1.5,80,58.9,84.6,69.62174941,41,57.9,70.81174439
Bolivia (Plurinational State of),2015,951,31,48,45.4,37.5,,2.48,,216,882,18.6,1.7,1094.117647,,,,,,
Bolivia (Plurinational State of),2020,716,27,46.9,45.4,59.9,,0.94,,296,323,17,1.4,1214.285714,,,,,,
Bolivia (Plurinational State of),2024,738,31,46.7,45.4,73.3,,1.29,,580,724,20.1,1.7,1182.352941,,,,,,
"Bonaire, Sint Eustatius and Saba",2015,0,65,0,62.5,,,,,55,,0.1,4.1,2.43902439,,,,,,
"Bonaire, Sint Eustatius and Saba",2020,0,66,5.9,62.5,,,,,67,,0.1,4.4,2.272727273,,,,,,
"Bonaire, Sint Eustatius and Saba",2024,0,64,5.9,62.5,,,,,96,,0.1,4.2,2.380952381,,,,,,
Bosnia and Herzegovina,2015,173,71,42.2,29,52.6,,2.18,0.2,85,678,18.7,5.3,352.8301887,,,,28.2,,
Bosnia and Herzegovina,2020,219,90,42.7,37.1,73.2,,2.22,0.2,104,197,21.1,6.4,329.6875,,,,53.1,,
Bosnia and Herzegovina,2024,219,94,42.7,37.1,83.4,,2.52,0.2,140,915,21.6,6.6,327.2727273,,,,58.1,,
Botswana,2015,56,35,28,51.1,37.3,,0.5,0.6,24,1528,5.6,2.4,233.3333333,76.2,,,,,
Botswana,2020,51,33,26.9,51.1,67.5,,0.54,,33,328,5.7,2.3,247.826087,73,,,,,
Botswana,2024,57,34,26.7,51.1,77.3,,0.58,,35,314,6.2,2.4,258.3333333,72.9,,,,,
Brazil,2015,11567,60,60.3,43,58.3,,0.06,1.4,966,6306,463.5,2.3,20152.17391,85.2,62.8,135.6687898,46.1,,
Brazil,2020,13393,56,59.4,45.4,81.3,,0.04,1.1,1078,2146,393.2,1.8,21844.44444,87.9,72.7,120.9078404,50.7,,
Brazil,2024,13470,60,59.3,45.7,80.5,,0.07,,2437,3630,446.8,2.1,21276.19048,88.9,76,116.9736842,51.4,,
British Virgin Islands,2015,0,109,24.1,7.4,37.6,,,,61,393,0.2,7.9,2.53164557,,,,,,
British Virgin Islands,2020,0,82,24.1,7.4,77.7,,,,88,83,0.2,5.9,3.389830508,,,,,,
British Virgin Islands,2024,0,83,24.1,7.4,,,,,118,173,0.2,6,3.333333333,,,,,,
Brunei Darussalam,2015,673,270,72.1,41.7,71.2,,,,189,218,5.8,13.9,41.72661871,,,,,,
Brunei Darussalam,2020,604,371,72.1,41.7,95.1,,,0.3,275,62,10.1,22.8,44.29824561,,,,,,
Brunei Darussalam,2024,564,377,72.1,41.7,99,,,,401,4,10.7,24.1,44.39834025,,,,,,
Bulgaria,2015,505,106,35.3,98.3,56.7,0.09,,0.9,85,7099,44.3,6.1,726.2295082,,,,69.6,55.7,124.9551167
Bulgaria,2020,453,105,35.9,99.3,70.2,,,0.8,127,1290,34.9,5,698,,,,75.1,60.2,124.7508306
Bulgaria,2024,503,115,36,99.3,79.1,0.27,,0.8,142,5557,40.4,5.9,684.7457627,,,,77.2,61.4,125.732899
Burkina Faso,2015,157,11,23.6,78.8,6.6,,8.84,0.2,29,163,3.3,0.2,1650,,,,12.6,6.2,203.2258065
Burkina Faso,2020,182,12,22.7,78.8,15.6,,10.39,0.2,36,67,4.6,0.2,2300,,,,12,7.9,151.8987342
Burkina Faso,2024,186,12,22.5,78.8,19.9,,8.61,0.3,41,116,5.2,0.2,2600,,,,12.1,8.6,140.6976744
Burundi,2015,56,6,10.9,62.7,2,,11.82,0.1,60,131,0.4,0,inf,,,,,,
Burundi,2020,56,6,10.9,62.7,9.2,,17.22,0.2,188,299,0.8,0.1,800,,,,,,
Burundi,2024,56,5,10.9,62.7,11.3,,20.9,,217,,0.8,0.1,800,,,,,,
Cabo Verde,2015,2,16,11,12,42.7,,9.97,0.1,51,520,0.5,0.9,55.55555556,,,,,,
Cabo Verde,2020,2,15,11.3,12,69.4,,9.52,,119,180,0.5,0.9,55.55555556,,,,,,
Cabo Verde,2024,2,16,11.4,12,72.1,,7.65,,130,785,0.6,1,60,,,,,,
Cambodia,2015,79,12,50.1,25.8,6.4,,4.01,0.1,243,4775,7.7,0.5,1540,53.8,16.7,322.1556886,39,22.4,174.1071429
Cambodia,2020,83,17,45.7,54.5,53.7,,5.53,,280,1306,14.1,0.9,1566.666667,56.4,18.8,300,43.2,30.6,141.1764706
Cambodia,2024,90,17,44.8,54.5,56.7,,5.35,,386,2277,13.7,0.8,1712.5,57.5,19.6,293.3673469,44.7,34.1,131.085044
Cameroon,2015,494,17,43.6,35.5,18.3,,2.09,,697,812,7.2,0.3,2400,,,,,,
Cameroon,2020,557,16,43,35.5,41.2,,3.51,,890,,6.8,0.3,2266.666667,,,,,,
Cameroon,2024,558,16,42.9,35.5,43.9,,2.57,,1276,,6.5,0.2,3250,,,,,,
Canada,2015,19688,322,38.7,25.3,90,0.24,,1.7,97,17977,523.1,14.6,3582.876712,,,,82.7,82,100.8536585
Canada,2020,21718,313,38.7,29.9,92.3,0.17,,1.9,173,2960,528,13.9,3798.561151,,,,84.1,83.6,100.5980861
Canada,2024,22562,318,39.5,31.5,94,1.31,,1.6,165,12824,541.7,14.2,3814.788732,,,,84,83.5,100.5988024
Cayman Islands,2015,,131,53,32.5,77,,,,71,385,0.6,9.4,6.382978723,,,,,,
Cayman Islands,2020,,136,53,32.5,81.1,,,,83,122,0.6,9.5,6.315789474,,,,,,
Cayman Islands,2024,,134,52.8,32.5,,,,,109,284,0.7,9.6,7.291666667,,,,,,
Central African Republic,2015,33,7,36,74.2,2.9,,28.38,,54,120,0.2,0,inf,12.8,2.6,492.3076923,27.7,7,395.7142857
Central African Republic,2020,35,7,35.8,74.2,7.5,,33.91,,73,35,0.2,0,inf,11.5,2.3,500,24.1,5.9,408.4745763
Central African Republic,2024,35,7,35.8,74.2,,,24.53,,104,,0.2,0,inf,11.3,2.2,513.6363636,23.4,5.7,410.5263158
Chad,2015,377,7,3.9,67.3,3.5,,5.71,,38,120,1.8,0.1,1800,16.8,2.8,600,26.9,4.8,560.4166667
Chad,2020,369,6,3.4,67.3,8.3,,10.43,0.3,48,11,1.9,0.1,1900,17.5,2.7,648.1481481,31.1,4.3,723.255814
Chad,2024,359,6,3.3,67.3,12.2,,6.42,,56,40,2.2,0.1,2200,17.6,2.7,651.8518519,32,4.2,761.9047619
Channel Islands,2015,,,5.2,,,,,,,,,,,,,,,,
Channel Islands,2020,,,5.2,,,,,,,,,,,,,,,,
Channel Islands,2024,,,5.2,,,,,,,,,,,,,,,,
Chile,2015,541,85,23.7,29,76.6,,0.02,0.4,182,4478,83.6,4.7,1778.723404,99.3,,,97.2,,
Chile,2020,525,82,24.5,32.5,87.5,,0.03,0.3,240,1119,81.1,4.2,1930.952381,99.4,,,99.2,,
Chile,2024,543,85,24.7,33.3,90.7,,,,303,2030,84.7,4.3,1969.767442,99.4,,,99.2,,
China,2015,100963,86,22.4,9.5,50.3,,0,2.1,1040,56886,8989.2,6.4,140456.25,93.8,,,69.8,24,290.8333333
China,2020,111707,98,23.4,10.1,70.1,,0,2.4,1172,7967,9850.1,6.9,142755.0725,97.5,,,83.8,34,246.4705882
China,2024,118364,104,23.6,10.1,75.6,,0,2.4,1630,,10424.7,7.3,142804.1096,97.9,,,84.7,36.7,230.7901907
"China, Hong Kong SAR",2015,,78,,48.9,84.9,,,0.8,60,26686,43.3,5.8,746.5517241,100,,,80.2,,
"China, Hong Kong SAR",2020,,68,,48.9,92.4,,,1,83,1359,34.1,4.5,757.7777778,100,,,93,,
"China, Hong Kong SAR",2024,,69,,48.9,95.6,,,1.1,108,568,34.3,4.6,745.6521739,100,,,96.5,,
"China, Macao SAR",2015,3,69,,0,77.6,,,0.1,11,14308,1.6,2.7,59.25925926,100,,,61.1,,
"China, Macao SAR",2020,3,54,,0,87.5,,,0.5,26,2822,0.9,1.4,64.28571429,100,,,66.1,,
"China, Macao SAR",2024,4,55,,0,89.8,,,0.5,29,2484,0.9,1.3,69.23076923,100,,,68.1,,
Colombia,2015,5401,36,54.2,48.8,55.9,,0.47,0.4,751,3099,92.7,2,4635,81.2,38.3,212.0104439,16,,
Colombia,2020,4025,33,53.3,58.1,69.8,,0.7,0.3,1025,1252,84.4,1.7,4964.705882,81.1,39.6,204.7979798,16.6,,
Colombia,2024,4107,35,53.1,58.1,72.8,,0.63,,1717,4519,88,1.7,5176.470588,81.2,40.2,201.9900498,16.8,,
Comoros,2015,4,9,18.9,57.4,7.5,,6.79,,106,24,0.2,0.3,66.66666667,,,,,,
Comoros,2020,4,12,17.7,57.4,16.4,,10.77,,127,7,0.4,0.5,80,,,,,,
Comoros,2024,4,14,17.5,57.4,,,11.65,,151,29,0.5,0.6,83.33333333,,,,,,
Congo,2015,608,23,64.5,61.6,7.6,,0.75,,119,220,3.2,0.6,533.3333333,58.5,17,344.1176471,,,
Congo,2020,777,25,64.3,72,24.8,,2.43,,155,156,4.1,0.7,585.7142857,58.6,19.1,306.8062827,,,
Congo,2024,705,25,64.2,72,36.2,,2.06,0.4,244,,4.3,0.7,614.2857143,58.6,19.1,306.8062827,,,
Cook Islands,2015,0,66,65,24.4,51,,,,73,125,0.1,4.5,2.222222222,,,,,,
Cook Islands,2020,0,61,65,30.9,54,,,,77,25,0.1,4.1,2.43902439,,,,,,
Cook Islands,2024,0,66,65,30.9,,,,,82,114,0.1,4.4,2.272727273,,,,,,
Costa Rica,2015,110,42,57.8,42.1,59.8,,0.21,0.4,323,2660,6.9,1.4,492.8571429,80.3,79.6,100.879397,21,35,60
Costa Rica,2020,116,40,59.4,42.2,80.5,,0.36,0.3,363,1012,6.5,1.3,500,80.4,81.1,99.13686806,22.5,35.3,63.73937677
Costa Rica,2024,116,42,59.8,42.2,82.6,,0.13,0.3,768,2350,7.4,1.4,528.5714286,80.4,81.1,99.13686806,23.1,35.6,64.88764045
Croatia,2015,184,82,34.3,81.9,69.8,0.08,0.23,0.8,159,12683,15.6,3.7,421.6216216,96.6,,,88.1,,
Croatia,2020,157,85,34.7,81.9,78.3,0.13,,1.2,212,5545,14.5,3.5,414.2857143,96.6,,,88.1,,
Croatia,2024,166,89,34.7,82,82.1,0.19,,1.2,224,15324,15.1,3.7,408.1081081,96.6,,,88.1,,
Cuba,2015,212,40,30.6,54.5,37.3,,0.65,0.4,337,3506,28.7,2.5,1148,,,,37.9,54.9,69.03460838
Cuba,2020,170,30,31.2,54.5,71.1,,0.76,0.5,357,1085,21.1,1.9,1110.526316,,,,37,55.2,67.02898551
Cuba,2024,172,32,31.2,54.5,73.2,,,0.3,441,1613,22.5,2,1125,,,,37.1,56,66.25
Curaçao,2015,1,635,0,40.4,,,,,49,468,7.2,42.4,16.98113208,,,,,,
Curaçao,2020,1,158,0.2,44.8,68.1,,,,58,175,1.9,9.9,19.19191919,,,,,,
Curaçao,2024,1,172,0.2,44.8,,,,,86,490,2.1,10.8,19.44444444,,,,,,
Cyprus,2015,5,72,18.7,69.2,71.7,,,0.5,60,2659,5.9,4.9,120.4081633,,,,86.2,,
Cyprus,2020,7,72,18.7,74.3,90.8,,,0.8,84,632,5.7,4.6,123.9130435,,,,86.2,,
Cyprus,2024,8,74,18.7,74.3,89.6,0.05,,0.8,105,1937,5.8,4.7,123.4042553,,,,86.2,,
Czechia,2015,1207,167,34.6,94.2,75.7,0.16,,1.9,45,11619,101.2,9.6,1054.166667,98,97.7,100.3070624,,,
Czechia,2020,987,160,34.7,94.8,81.3,0.18,,2,104,3919,85.8,8.2,1046.341463,98,97.7,100.3070624,,,
Czechia,2024,1024,170,34.7,94.8,84.5,0.34,,2,99,3768,91,8.7,1045.977011,98,97.7,100.3070624,,,
Côte d’Ivoire,2015,395,17,10.7,73.8,38.4,,1.46,,226,1441,9.5,0.4,2375,46,24.3,189.3004115,19,10.8,175.9259259
Côte d’Ivoire,2020,423,17,8.9,73.8,36,,2.63,0.1,280,668,11,0.4,2750,59,27.2,216.9117647,19.8,13.3,148.8721805
Côte d’Ivoire,2024,474,20,8.6,73.8,38.4,,2.33,,335,2047,13.8,0.5,2760,58.8,27.3,215.3846154,20.1,14.1,142.5531915
Democratic People's Republic of Korea,2015,862,16,51,0,0,,,,64,,30,1.2,2500,77.4,50.4,153.5714286,,9,
Democratic People's Republic of Korea,2020,755,31,50.1,0,,,,,88,,65.5,2.5,2620,77,48.8,157.7868852,,1.2,
Democratic People's Republic of Korea,2024,645,26,49.9,0,,,,,121,,53.4,2.1,2542.857143,77,48.8,157.7868852,,1.2,
Democratic Republic of the Congo,2015,1218,15,58.1,48.2,3.8,,7.4,0.4,333,354,2.8,0,inf,26.6,0.6,4433.333333,16.6,14.2,116.9014085
Democratic Republic of the Congo,2020,1370,15,55.6,50.5,19.8,,7.13,,497,202,3.4,0,inf,23.9,0.5,4780,15.4,11.2,137.5
Democratic Republic of the Congo,2024,1413,15,55.2,50.5,27.2,,6.94,,764,382,3.3,0,inf,24.2,0.5,4840,15.2,11.2,135.7142857
Denmark,2015,668,119,15.6,87.2,96.3,0.97,,3.1,36,28209,31.1,5.5,565.4545455,,,,,,
Denmark,2020,385,110,15.7,87.2,96.5,0.96,,3,77,16031,24.5,4.2,583.3333333,,,,,,
Denmark,2024,383,115,15.7,87.2,98.8,0.66,,2.8,62,31530,25.5,4.4,579.5454545,,,,,,
Djibouti,2015,4,11,0.2,0.8,22.9,,7.23,,94,63,0.5,0.5,100,,,,41.2,18.2,226.3736264
Djibouti,2020,4,10,0.3,0.8,62.5,,8.41,,110,75,0.4,0.3,133.3333333,,,,44.8,20.9,214.354067
Djibouti,2024,4,10,0.3,0.8,65,,5.39,,136,145,0.4,0.4,100,,,,44.8,20.9,214.354067
Dominica,2015,0,38,63.8,33.3,65,,2.25,,62,75,0.2,2.6,7.692307692,,,,,,
Dominica,2020,0,33,63.8,33.3,75.7,,12.59,,74,22,0.2,2.2,9.090909091,,,,,,
Dominica,2024,0,33,63.8,33.3,83.4,,14.46,,108,61,0.2,2.3,8.695652174,,,,,,
Dominican Republic,2015,33,32,43.5,76.6,54.2,,0.41,,153,5600,21.2,2,1060,46.9,34.5,135.942029,44.8,51.3,87.3294347
Dominican Republic,2020,44,34,45.1,76.6,81.6,,0.5,,203,2405,24.3,2.2,1104.545455,46.9,34.8,134.7701149,43,48.7,88.29568789
Dominican Republic,2024,48,39,45.3,76.6,89,,0.5,,348,7163,27.7,2.5,1108,46.9,34.9,134.3839542,42.3,47.6,88.86554622
Ecuador,2015,1260,37,51.6,24.9,48.9,,0.33,0.4,2308,1676,37.6,2.3,1634.782609,74,50.3,147.1172962,34,55,61.81818182
Ecuador,2020,1169,30,50.3,28.3,70.7,,0.36,,2501,507,29.4,1.7,1729.411765,74.7,52.8,141.4772727,32.1,59.4,54.04040404
Ecuador,2024,1158,34,50.1,28.5,72.7,,0.29,,2732,1265,34.2,1.9,1800,74.7,53.3,140.1500938,30.9,61,50.6557377
Egypt,2015,2991,35,0,38.7,37.8,,0.78,0.7,141,9328,191.6,2,9580,,,,69.9,57.9,120.7253886
Egypt,2020,3794,35,0,38.7,71.9,,0.44,0.9,172,3677,203.5,1.9,10710.52632,,,,72.6,63.1,115.0554675
Egypt,2024,4019,38,0,38.7,72.2,,2.03,1,216,11724,227.7,2.1,10842.85714,,,,72.6,63.1,115.0554675
El Salvador,2015,79,28,29.3,28,26.8,,0.4,0.1,83,1402,6.4,1,640,80.6,,,17.8,,
El Salvador,2020,87,28,28.2,28,54.6,,1.47,0.2,107,549,6.2,1,620,79.1,,,17.6,,
El Salvador,2024,87,31,28,28,62.9,,0.79,0.2,202,1891,7.2,1.1,654.5454545,78.6,,,17.4,,
Equatorial Guinea,2015,822,81,88.8,100,21.3,,0.07,,155,,6.1,4.5,135.5555556,,,,,,
Equatorial Guinea,2020,559,66,87.3,100,55,,0.08,,205,,5.8,3.6,161.1111111,,,,,,
Equatorial Guinea,2024,542,76,87,100,66.8,,0.14,,309,,6.8,4.2,161.9047619,,,,,,
Eritrea,2015,29,11,8.8,0,1.1,,6.54,,113,114,0.5,0.1,500,,,,,,
Eritrea,2020,31,11,8.7,0,23.8,,,,143,142,0.6,0.2,300,,,,,,
Eritrea,2024,31,11,8.7,0,26.6,,,,164,,0.6,0.2,300,,,,,,
Estonia,2015,205,155,55.7,94.8,88.4,0.15,,1.5,17,2961,16.1,12.2,131.9672131,,,,96.4,,
Estonia,2020,184,142,57,94.8,89.1,0.17,,1.8,48,1023,11.1,8.4,132.1428571,,,,97.3,,
Estonia,2024,185,144,57,94.9,91,0.54,,1.8,28,2166,12,9,133.3333333,,,,97.7,,
Eswatini,2015,28,36,28.6,21.2,25.6,,2.37,0.3,34,873,0.9,0.8,112.5,79.1,,,,,
Eswatini,2020,28,37,28.9,22.7,49,,2.95,,41,194,1.1,1,110,76.9,,,,,
Eswatini,2024,27,35,29,22.7,58.3,,2.8,,83,393,1,0.8,125,77.5,,,,,
Ethiopia,2015,1523,16,15.4,15.3,13.9,,5.04,0.6,145,864,10,0.1,10000,37.6,3.1,1212.903226,15.7,3.4,461.7647059
Ethiopia,2020,1724,16,15.1,16.8,16.1,,4.96,0.3,180,271,12.4,0.1,12400,38.3,5.1,750.9803922,17.1,4.1,417.0731707
Ethiopia,2024,1767,16,15.1,16.8,19.4,,3.68,,331,897,12.8,0.1,12800,38.6,5.8,665.5172414,17.4,4.2,414.2857143
Falkland Islands (Malvinas),2015,0,165,0,20.8,98.3,,,,23,,0,12.2,0,,,,,,
Falkland Islands (Malvinas),2020,0,155,0,20.8,99,,,,24,,0,11.1,0,,,,,,
Falkland Islands (Malvinas),2024,0,150,0,20.8,,,,,25,,0,10.7,0,,,,,,
Faroe Islands,2015,1,186,0.1,15.8,94.2,,,,14,,0.6,12.9,4.651162791,,,,,,
Faroe Islands,2020,1,210,0.1,15.8,97.6,,,,29,,0.8,14.9,5.369127517,,,,,,
Faroe Islands,2024,1,215,0.1,15.8,,,,,32,,0.8,15.3,5.22875817,,,,,,
Fiji,2015,7,27,60.6,11.2,42.5,,2.33,,278,755,1.3,1.4,92.85714286,52.5,27.1,193.7269373,42.9,54.5,78.71559633
Fiji,2020,6,22,62.4,11.2,83,,4.51,,321,147,1,1.1,90.90909091,52.5,27,194.4444444,43,57.7,74.52339688
Fiji,2024,6,24,62.8,11.2,85.2,,13.98,,362,636,1.1,1.2,91.66666667,52.5,27,194.4444444,42.7,57.3,74.52006981
Finland,2015,732,247,73.7,71.7,86.4,0.02,,2.9,25,2622,42,7.7,545.4545455,,,,,,
Finland,2020,745,239,73.7,71.8,92.2,0.96,,2.9,61,896,35.3,6.4,551.5625,,,,,,
Finland,2024,796,250,73.7,71.9,93,0.77,,3,40,2127,34.7,6.3,550.7936508,,,,,,
France,2015,5770,159,30.7,64.2,78,0.05,,2.2,236,84452,308.8,4.7,6570.212766,99,98.4,100.6097561,,,
France,2020,4973,136,31.5,80.8,84.7,0.78,,2.3,366,41684,256,3.8,6736.842105,99.8,98.4,101.4227642,,,
France,2024,5278,147,31.7,81.1,85.3,0.9,,2.2,417,48395,285,4.3,6627.906977,100,98.4,101.6260163,,,
French Guiana,2015,3,52,96.8,81.3,,,,,67,87,0.7,2.9,24.13793103,,,,,,
French Guiana,2020,,,96.6,83.2,,,,,79,111,,,,,,,,,
French Guiana,2024,,,96.6,83.2,,,,,162,,,,,,,,,,
French Polynesia,2015,1,44,43.1,0,64.6,,,,175,184,0.9,3,30,,,,,,
French Polynesia,2020,1,42,43.1,0,72.7,,,,181,77,0.9,2.8,32.14285714,,,,,,
French Polynesia,2024,1,44,43.1,0,,,,,448,219,0.9,2.9,31.03448276,,,,,,
Gabon,2015,561,55,91.6,61.2,45.8,,0.75,,231,,3.5,1.7,205.8823529,,,,,,
Gabon,2020,515,45,91.3,61.7,72.3,,0.37,,329,,2.7,1.2,225,,,,,,
Gabon,2024,499,45,91.3,61.7,73.7,,0.58,,638,,2.8,1.2,233.3333333,,,,,,
Gambia,2015,7,7,26.8,41.7,17.6,,8.47,0.1,55,449,0.6,0.3,200,65.3,9,725.5555556,31.3,33.7,92.87833828
Gambia,2020,7,7,24,41.7,44.8,,16.73,0.1,87,246,0.7,0.3,233.3333333,67.6,11.2,603.5714286,31.3,25.8,121.3178295
Gambia,2024,7,7,23.4,41.7,54.2,,12.24,,127,570,0.7,0.3,233.3333333,67.8,12.2,555.7377049,31,22.6,137.1681416
Georgia,2015,55,52,40.6,40.3,47.6,,3.07,0.3,114,3012,9,2.4,375,87.7,39.9,219.7994987,18.8,44.5,42.24719101
Georgia,2020,44,55,40.6,40.3,72.5,,6.89,0.3,126,1087,9.6,2.5,384,87.9,40.3,218.1141439,14.5,40.7,35.62653563
Georgia,2024,51,59,40.6,42.4,78.7,,4.35,0.2,128,3653,10,2.7,370.3703704,88,40.5,217.2839506,14.1,39.2,35.96938776
Germany,2015,5016,158,32.7,77,87.6,0.6,,2.9,107,34970,721.4,8.8,8197.727273,99.9,99.7,100.2006018,98.3,91.2,107.7850877
Germany,2020,4036,140,32.7,79.2,89.8,1.14,,3.1,200,12449,580.8,7,8297.142857,100,99.7,100.3009027,98.5,91.4,107.7680525
Germany,2024,4244,144,32.7,79.2,92.5,1.32,,3.1,209,28463,600.2,7.2,8336.111111,100,99.6,100.4016064,98.5,91.4,107.7680525
Ghana,2015,424,13,34.6,78.8,23,,3.69,0.4,223,897,14.6,0.5,2920,52.1,11,473.6363636,11.6,11.9,97.4789916
Ghana,2020,704,15,35.1,78.8,62.5,,3.12,,255,355,18.8,0.6,3133.333333,61.6,16.5,373.3333333,13.4,16.4,81.70731707
Ghana,2024,642,15,35.1,78.8,69.8,,1.64,,292,915,19.8,0.6,3300,62.6,18.8,332.9787234,14,18.4,76.08695652
Gibraltar,2015,,274,0,0,65,,,,26,,0.6,18.2,3.296703297,100,,,,,
Gibraltar,2020,0,318,0,0,94.4,,,,36,,0.6,19.7,3.045685279,100,,,,,
Gibraltar,2024,0,323,0,0,,,,,62,,0.7,19.9,3.51758794,100,,,,,
Greece,2015,357,90,30.3,87.3,66.8,0.04,,1,291,23599,61.6,5.7,1080.701754,,,,93.7,,
Greece,2020,191,78,30.3,87.3,78.1,0.24,,1.5,520,7374,44.8,4.3,1041.860465,,,,96.7,,
Greece,2024,199,81,30.3,87.3,83.2,0.13,,1.5,590,27836,46.4,4.4,1054.545455,,,,97.4,,
Greenland,2015,2,156,0,29.7,67.6,,,,17,,0.5,9.2,5.434782609,,,,,,
Greenland,2020,2,166,0,29.7,69.5,,,,27,,0.6,10,6,,,,,,
Greenland,2024,2,169,0,29.7,,,,,29,,0.6,10.1,5.940594059,,,,,,
Grenada,2015,0,34,52.1,34.5,52.5,,2.74,,51,155,0.3,2.3,13.04347826,,,,,,
Grenada,2020,0,36,52.1,34.5,73.3,,6.97,,60,54,0.3,2.4,12.5,,,,,,
Grenada,2024,0,38,52.1,34.5,79.9,,6.37,,94,149,0.3,2.6,11.53846154,,,,,,
Guadeloupe,2015,2,81,44.6,82,,,,,70,512,2.2,5.6,39.28571429,,,,,,
Guadeloupe,2020,,,44.4,82,,,,,83,735,,,,,,,,,
Guadeloupe,2024,,,44.4,82,,,,,122,,,,,,,,,,
Guam,2015,0,1,46.3,2.4,73.1,,,,95,1409,,,,,,,,,
Guam,2020,0,2,51.9,2.4,80.5,,,,107,328,,,,,,,,,
Guam,2024,0,2,51.9,2.4,,,,,112,328,,,,,,,,,
Guatemala,2015,311,30,33.5,32.5,28.8,,0.68,0,282,1473,14.8,0.9,1644.444444,64.5,43.9,146.9248292,,,
Guatemala,2020,457,37,32.9,33.7,47.5,,0.62,0,352,396,16.1,0.9,1788.888889,65.4,45.4,144.0528634,,,
Guatemala,2024,495,41,32.8,33.7,54.4,,0.61,0.1,775,1494,18.8,1.1,1709.090909,65.5,46,142.3913043,,,
Guinea,2015,116,13,26,71.7,9.2,,6.24,,163,35,2.5,0.2,1250,,,,,,
Guinea,2020,119,14,25.2,71.7,29.4,,5.65,,365,99,4.6,0.3,1533.333333,,,,,,
Guinea,2024,124,14,25,71.7,33.9,,4.23,,429,,4.2,0.3,1400,,,,,,
Guinea-Bissau,2015,25,17,71.9,59.5,6.1,,8.86,,66,44,0.3,0.2,150,38.1,10.6,359.4339623,16.1,6.9,233.3333333
Guinea-Bissau,2020,27,16,70.4,59.5,28.2,,10.13,,92,52,0.3,0.2,150,36.6,13.2,277.2727273,20.4,10,204
Guinea-Bissau,2024,27,16,70.1,59.5,31.6,,10.31,,127,,0.3,0.2,150,36.3,13.7,264.9635036,21.3,10.7,199.0654206
Guyana,2015,7,46,93.8,100,34,,0.75,,87,207,2,2.7,74.07407407,,,,37,51.9,71.29094412
Guyana,2020,162,52,93.6,100,73.1,,0.98,,122,86,2.7,3.4,79.41176471,,,,35,49.1,71.28309572
Guyana,2024,248,61,93.5,100,85.3,,1.95,,297,288,3.3,4.1,80.48780488,,,,34.1,48,71.04166667
Haiti,2015,139,17,13.2,26.8,14.2,,7.03,,169,516,2.7,0.3,900,,,,,,
Haiti,2020,142,17,12.6,29.4,39.3,,6.11,,269,203,3.2,0.3,1066.666667,,,,,,
Haiti,2024,144,17,12.5,31.7,,,4.54,,499,148,3.4,0.3,1133.333333,,,,,,
Holy See,2015,,,0,,,,,,1,,,,,,,,,,
Holy See,2020,,,0,,78,,,,1,,,,,,,,,,
Holy See,2024,,,0,,85.1,,,,2,,,,,,,,,,
Honduras,2015,103,26,57.8,74.6,27.1,,2.77,0,294,880,9.8,1.1,890.9090909,77.5,43.3,178.9838337,39.9,63.6,62.73584906
Honduras,2020,101,22,56.8,74.6,45.2,,5.34,0.1,342,204,9,0.9,1000,78.2,45,173.7777778,40.4,68.4,59.06432749
Honduras,2024,104,23,56.6,74.6,59.7,,2.36,,496,844,9.6,0.9,1066.666667,78.4,45.7,171.5536105,40.5,70.5,57.44680851
Hungary,2015,471,107,22.6,84.3,72.8,0.13,,1.3,67,14316,41.9,4.3,974.4186047,93.3,87.7,106.3854048,86,75.5,113.9072848
Hungary,2020,449,113,22.5,84.3,84.8,2.25,,1.6,123,7417,42.9,4.4,975,99.2,99,100.2020202,90.5,80.7,112.1437423
Hungary,2024,452,118,22.5,84.3,89.1,0.87,,1.6,127,12649,44.2,4.5,982.2222222,100,100,100,90.5,80.7,112.1437423
Iceland,2015,299,989,0.5,18.3,98.2,0.24,,2.2,21,1289,2,6.1,32.78688525,,,,,,
Iceland,2020,337,991,0.5,18.3,99.5,0.27,,2.5,36,486,1.5,4,37.5,,,,,,
Iceland,2024,334,981,0.5,19.6,99.9,0.34,,2.8,36,698,1.7,4.5,37.77777778,,,,,,
India,2015,21875,27,23.8,6.2,14.9,,0.15,0.7,1039,13284,2208.4,1.7,129905.8824,,52.6,,34.8,38,91.57894737
India,2020,23600,27,24.3,6.3,43.4,,0.07,0.6,1118,6291,2210.9,1.6,138181.25,,62.1,,40.4,51.9,77.84200385
India,2024,25144,28,24.4,6.3,48.1,,0.1,,1543,6989,2441.6,1.7,143623.5294,,66,,42.7,57.4,74.3902439
Indonesia,2015,17364,34,50.6,23.1,22.1,,0,0.1,1246,9963,460.3,1.8,25572.22222,33.6,22.2,151.3513514,,,
Indonesia,2020,20293,37,49.1,25.9,53.7,,0.12,0.3,1654,3915,623.2,2.3,27095.65217,34.3,23.7,144.7257384,,,
Indonesia,2024,21363,37,48.4,25.9,66.5,,0.05,,2601,1546,624.1,2.3,27134.78261,34.6,24.3,142.3868313,,,
Iran (Islamic Republic of),2015,13637,123,6.6,43.5,45.3,,0.03,0.4,121,5237,556.5,6.8,8183.823529,96,85.6,112.1495327,79.5,,
Iran (Islamic Republic of),2020,14937,138,6.6,43.5,75.6,,0.1,0.8,161,1550,638.1,7.3,8741.09589,96.1,87.1,110.3329506,77.3,,
Iran (Islamic Republic of),2024,16140,140,6.6,43.5,81.7,,,,194,4108,652.4,7.4,8816.216216,96.2,87.7,109.6921323,76.2,,
Iraq,2015,7565,43,1.9,5.5,15.2,,0.9,0,69,892,108.3,2.9,3734.482759,63.7,42.8,148.8317757,43.1,38.4,112.2395833
Iraq,2020,8794,47,1.9,5.6,53.7,,1.29,0,80,,118.9,2.8,4246.428571,64.6,47.6,135.7142857,52.9,47.6,111.1344538
Iraq,2024,8812,45,1.9,5.6,78.7,,0.88,0,103,,115.3,2.6,4434.615385,64.6,47.6,135.7142857,54.7,48,113.9583333
Ireland,2015,81,120,11,76.3,83.5,0.54,,1.2,39,9528,36.1,7.7,468.8311688,,,,81.8,70.7,115.7001414
Ireland,2020,146,113,11.4,83.4,92,0.35,,1.2,79,10951,32.3,6.5,496.9230769,,,,84.6,70.8,119.4915254
Ireland,2024,124,116,11.4,83.4,95.6,0.68,,1.1,76,,33.7,6.8,495.5882353,,,,84.8,70.7,119.9434229
Isle of Man,2015,0,49,6.1,19.5,,,,,3,,0.2,2.5,8,,,,,,
Isle of Man,2020,1,57,6.1,26.9,,,,,6,,0.3,3.2,9.375,,,,,,
Isle of Man,2024,1,47,6.1,26.9,,,,,10,,0.2,2.2,9.090909091,,,,,,
Israel,2015,273,114,7.6,16.4,77.4,0.07,,4.2,152,2799,62.7,7.8,803.8461538,99.6,99.4,100.2012072,91.2,89.1,102.3569024
Israel,2020,577,108,6.5,17.1,90.1,,,5.7,207,831,59,6.7,880.5970149,99.5,99.4,100.1006036,94.9,92.4,102.7056277
Israel,2024,716,107,6.5,17.1,92.1,0.09,,5.6,253,2675,58.7,6.6,889.3939394,99.5,99.4,100.1006036,96.4,93.8,102.771855
Italy,2015,1509,106,31.4,73.8,58.1,0.86,,1.3,279,50732,322.6,5.4,5974.074074,,,,79.4,78.1,101.6645327
Italy,2020,1462,96,32.3,76.7,70.5,0.34,,1.5,482,25190,268.4,4.5,5964.444444,,,,79.4,78.1,101.6645327
Italy,2024,1428,105,32.5,76.7,85.1,0.51,,1.5,519,49811,301.6,5.1,5913.72549,,,,79.4,78.1,101.6645327
Jamaica,2015,10,42,53.3,19.2,42.2,,0.43,,298,2123,7.6,2.7,281.4814815,,,,,,
Jamaica,2020,12,39,55.1,19.7,76.4,,0.5,,323,880,6.6,2.3,286.9565217,,,,,,
Jamaica,2024,12,41,55.5,20.1,85.1,,0.44,,356,2478,7,2.5,280,,,,,,
Japan,2015,1318,143,68.4,63.2,91.1,0.83,,3.2,364,19737,1163.3,9.1,12783.51648,,,,,,
Japan,2020,1813,129,68.4,64.6,90.2,0.62,,3.3,470,4116,982.3,7.8,12593.58974,,,,,,
Japan,2024,2228,135,68.4,65.1,84.9,1.2,,3.3,599,3832,1005.1,8.1,12408.64198,,,,,,
Jordan,2015,14,39,1.1,9.4,54.2,,5.61,,102,3761,24.4,2.6,938.4615385,,,,84.1,,
Jordan,2020,33,31,1.1,12.7,78.4,,7.15,0.7,121,1067,20.2,1.8,1122.222222,,,,84.4,,
Jordan,2024,37,30,1.1,12.7,90.5,,7.66,,136,4277,19.7,1.8,1094.444444,,,,84.4,,
Kazakhstan,2015,6812,178,1.2,26.9,70.8,,0.05,0.2,78,6430,239,13.4,1783.58209,,,,85.3,,
Kazakhstan,2020,6650,146,1.3,28.5,85.9,,0.05,0.1,81,2035,209.7,11.1,1889.189189,,,,84.4,,
Kazakhstan,2024,6650,150,1.3,28.5,92.3,0.02,0.03,0.1,95,4729,224,11.7,1914.529915,,,,84.3,,
Kenya,2015,761,20,6.2,34.6,16.6,,3.9,0.7,463,1114,14,0.3,4666.666667,,,,25.7,30.6,83.9869281
Kenya,2020,738,19,6.3,34.6,27.6,,4.03,,549,1364,18.4,0.4,4600,,,,27.3,32.3,84.52012384
Kenya,2024,735,18,6.3,34.6,40.8,,2.92,0.4,724,,17.8,0.3,5933.333333,,,,27.9,33,84.54545455
Kiribati,2015,1,12,1.5,40,14.9,,18.51,,100,4,0.1,0.5,20,19.2,6.1,314.7540984,24.8,21.9,113.2420091
Kiribati,2020,1,13,1.5,40,52.1,,17.22,,108,1,0.1,0.6,16.66666667,20,6.4,312.5,24.4,24.2,100.8264463
Kiribati,2024,1,12,1.5,40,54.4,,,,116,2,0.1,0.6,16.66666667,20.4,6.5,313.8461538,24.6,25.1,98.00796813
Kuwait,2015,7014,364,0.4,42.1,82,,,0.1,42,182,82.4,21.1,390.521327,100,,,100,,
Kuwait,2020,6353,350,0.4,51.6,99.1,,,0.2,57,86,85.4,19.6,435.7142857,100,,,100,,
Kuwait,2024,6218,356,0.4,51.6,99.7,0.11,,0.1,76,85,85.5,20.1,425.3731343,100,,,100,,
Kyrgyzstan,2015,75,28,6.5,23.6,30.2,,12.07,0.1,41,4000,9.8,1.7,576.4705882,90.6,53.7,168.7150838,83.6,95.8,87.2651357
Kyrgyzstan,2020,103,23,6.9,23.6,72,,6.3,0.1,43,2079,7.7,1.2,641.6666667,91.8,67.3,136.4041605,85.8,96.5,88.9119171
Kyrgyzstan,2024,106,26,7,23.6,79.8,,5.78,0.1,62,6901,9.4,1.4,671.4285714,91.8,67.3,136.4041605,86.3,96.5,89.43005181
Lao People's Democratic Republic,2015,162,25,72.7,28.4,18.2,,3.42,,210,3543,8.3,1.2,691.6666667,25.8,11,234.5454545,60.4,50.7,119.1321499
Lao People's Democratic Republic,2020,297,33,71.9,39.7,54,,2.97,,250,812,17.7,2.4,737.5,27,12.4,217.7419355,63.3,59.8,105.8528428
Lao People's Democratic Republic,2024,317,33,71.8,48.7,66.2,,3.25,,323,,17.9,2.4,745.8333333,27,12.4,217.7419355,63.3,59.8,105.8528428
Latvia,2015,98,90,54.5,97.3,79.2,0.08,,0.6,25,2024,6.6,3.3,200,,,,,,
Latvia,2020,113,95,54.8,97.3,88.9,,,0.7,40,636,6.1,3.2,190.625,,,,,,
Latvia,2024,113,100,54.9,97.3,92.2,0.21,,0.7,37,478,6.3,3.4,185.2941176,,,,,,
Lebanon,2015,8,53,13.7,4.4,74,,1.95,,69,1518,23.9,3.7,645.9459459,,,,,,
Lebanon,2020,10,59,14,4.7,87.9,,5.74,,109,414,23.5,4.1,573.1707317,,,,,,
Lebanon,2024,10,48,14.1,4.7,90.1,,7.99,,191,1466,18.9,3.4,555.8823529,,,,,,
Lesotho,2015,21,22,1.1,51.7,25,,3.28,0.1,17,320,2.1,1,210,66.2,7,945.7142857,34,40,85
Lesotho,2020,18,19,1.1,51.7,40.4,,6.81,,19,,2.1,0.9,233.3333333,72.4,9.2,786.9565217,39.4,51,77.25490196
Lesotho,2024,18,25,1.1,51.7,47,,6.3,,20,,3.2,1.4,228.5714286,72.6,9.2,789.1304348,39.4,51,77.25490196
Liberia,2015,76,18,80.7,15.8,10,,37.14,,158,,0.6,0.1,600,,,,,,
Liberia,2020,90,19,79.1,15.8,27.5,,22.6,,218,,0.6,0.1,600,,,,,,
Liberia,2024,93,20,78.8,15.8,30.1,,18.52,,302,,0.6,0.1,600,,,,,,
Libya,2015,1601,147,0.1,0,17.8,,0.32,,54,,53.5,8.6,622.0930233,,,,,,
Libya,2020,1162,69,0.1,0,87.6,,0.56,,75,,28.4,4.3,660.4651163,,,,,,
Libya,2024,2998,104,0.1,0,88.4,,0.81,,95,,43.5,6.5,669.2307692,,,,,,
Liechtenstein,2015,1,88,41.9,80.8,96.6,0.64,,,4,57,0.1,1.4,7.142857143,,,,,,
Liechtenstein,2020,1,87,41.9,80.8,94.3,0.41,,,13,58,0,1.3,0,,,,,,
Liechtenstein,2024,1,91,41.9,80.8,96.8,,,,13,101,0.1,1.4,7.142857143,,,,,,
Lithuania,2015,76,99,34.9,91.5,71.4,0.12,,1,22,2071,10.3,3.5,294.2857143,98.8,,,94.4,80.9,116.6872682
Lithuania,2020,82,110,35.1,91.8,83.1,0.13,,1.1,41,937,10.8,3.8,284.2105263,99.3,,,97.1,88.2,110.0907029
Lithuania,2024,90,115,35.2,91.8,87.7,0.32,,1.1,31,2169,11.2,4,280,99.3,,,97.5,90.5,107.7348066
Luxembourg,2015,6,277,34.5,83.7,96.4,0.95,,1.3,9,1090,8.7,15.4,56.49350649,99.8,98,101.8367347,94.3,86.6,108.891455
Luxembourg,2020,13,231,34.5,84.7,98.5,1.03,,1.1,16,525,7.4,11.7,63.24786325,99.8,96.5,103.4196891,95.8,87.9,108.9874858
Luxembourg,2024,13,239,34.5,84.7,99.3,1.09,,1,19,1013,7.8,12.2,63.93442623,99.8,96.5,103.4196891,96.4,88.5,108.9265537
Madagascar,2015,262,12,21.5,24.6,4.2,,6.19,0,965,244,3.2,0.1,3200,33.6,8.6,390.6976744,13.3,7.2,184.7222222
Madagascar,2020,331,14,21.4,26.6,15.8,,10.11,0,2910,68,3.9,0.1,3900,39,9.3,419.3548387,15.5,9,172.2222222
Madagascar,2024,343,14,21.3,26.6,20.6,,7.46,,3838,8,4.4,0.2,2200,41.3,9.6,430.2083333,16.3,9.7,168.0412371
Malawi,2015,69,5,26,70.8,6,,17.06,,171,805,1,0.1,1000,47.3,7,675.7142857,32.4,31.5,102.8571429
Malawi,2020,70,5,23.8,70.8,22.2,,12.13,,130,199,1.5,0.1,1500,50.9,9.2,553.2608696,38.7,42.8,90.42056075
Malawi,2024,70,5,23.3,70.8,27.7,,9.5,,158,432,1.6,0.1,1600,52.4,10.2,513.7254902,41.2,47.3,87.10359408
Malaysia,2015,3749,110,59.2,37,71.1,,0,1.3,1252,25721,214,6.9,3101.449275,,,,,,
Malaysia,2020,3760,114,58.2,37,89.6,,0,1,1662,4333,227.3,6.8,3342.647059,,,,,,
Malaysia,2024,3904,119,58,37,97.4,,0,,2210,10071,241,7.2,3347.222222,,,,,,
Maldives,2015,0,42,2.7,0,54.5,,0.64,,69,1234,1.3,3,43.33333333,,,,,,
Maldives,2020,0,47,2.7,0,79.1,,9.06,,80,555,1.7,3.4,50,,,,,,
Maldives,2024,0,54,2.7,0,83.9,,2.54,,97,1675,2,3.9,51.28205128,,,,,,
Mali,2015,177,12,10.9,61.6,10.3,,9.38,0.3,39,159,3.2,0.2,1600,,,,6.9,15.9,43.39622642
Mali,2020,212,14,10.9,61.6,28.3,,9.36,0.2,62,75,5.9,0.3,1966.666667,,,,7.3,20.8,35.09615385
Mali,2024,213,14,10.9,61.6,33.1,,7.74,0.2,73,168,6.3,0.3,2100,,,,7.5,22.9,32.7510917
Malta,2015,1,59,1.1,90.6,76,0.2,,0.7,31,1783,1.6,3.6,44.44444444,,,,,,
Malta,2020,1,56,1.4,90.9,86.9,,,0.7,49,659,1.6,3.1,51.61290323,,,,,,
Malta,2024,1,56,1.4,90.9,91.5,0.28,,0.7,70,2287,1.6,3.1,51.61290323,,,,,,
Marshall Islands,2015,0,45,52.2,10.1,19.3,,23.01,,95,6,0.1,3,3.333333333,,,,,,
Marshall Islands,2020,0,52,52.2,10.1,71.2,,61.44,,104,1,0.2,3.5,5.714285714,,,,,,
Marshall Islands,2024,0,54,52.2,10.1,73.2,,35.24,,114,0,0.2,3.6,5.555555556,,,,,,
Martinique,2015,1,75,48.4,97.2,,,,,45,487,2.1,5.3,39.62264151,,,,,,
Martinique,2020,,,49.3,97.2,,,,,62,312,,,,,,,,,
Martinique,2024,,,49.5,97.2,,,,,106,556,,,,,,,,,
Mauritania,2015,30,15,0.3,11.2,17.6,,5.5,,69,,3,0.8,375,,,,,,
Mauritania,2020,22,20,0.3,11.2,41.1,,8.27,0,94,,4.9,1.1,445.4545455,,,,,,
Mauritania,2024,22,19,0.3,11.2,44.4,,5.27,,133,,4.6,1,460,,,,,,
Mauritius,2015,12,52,19.2,9.6,50.1,,0.62,0.2,249,1151,4.3,3.3,130.3030303,,,,,,
Mauritius,2020,8,44,19.4,9.6,67.7,,2.81,0.4,272,309,3.9,3,130,,,,,,
Mauritius,2024,8,45,19.4,9.6,75.5,,2.29,0.3,294,997,4.1,3.1,132.2580645,,,,,,
Mayotte,2015,0,20,37.8,63.2,,,,,84,,0.3,1.3,23.07692308,,,,,,
Mayotte,2020,,,37.1,63.6,,,,,102,,,,,,,,,,
Mayotte,2024,,,37,76.3,,,,,130,,,,,,,,,,
Mexico,2015,8031,65,34.1,36.2,57.4,,0.03,0.4,1109,32093,454,3.8,11947.36842,,,,47.4,,
Mexico,2020,6489,58,33.8,38.1,71.5,,0.08,0.3,1656,24824,402.8,3.2,12587.5,,,,60,,
Mexico,2024,6498,59,33.7,38.4,78.6,,0.04,0.3,2605,38326,421.7,3.3,12778.78788,,,,65.1,,
Micronesia (Federated States of),2015,0,19,91.8,0,,,21.7,,163,31,0.1,1.3,7.692307692,,,,,,
Micronesia (Federated States of),2020,0,19,92,0,,,37.89,,170,18,0.1,1.3,7.692307692,,,,,,
Micronesia (Federated States of),2024,0,19,92.1,0,,,29.38,,197,,0.1,1.3,7.692307692,,,,,,
Monaco,2015,,,0,,93.4,,,,16,331,,,,100,,,100,,
Monaco,2020,,,0,,98.6,,,,34,159,,,,100,,,100,,
Monaco,2024,,,0,,98.4,,,,50,327,,,,100,,,100,,
Mongolia,2015,655,92,9.1,40.7,22.5,,2.22,0.2,36,386,24,8.1,296.2962963,44.6,7.9,564.556962,66.1,44.5,148.5393258
Mongolia,2020,1172,130,9.1,45.2,62.5,,5.83,0.1,43,59,38.1,11.6,328.4482759,49.3,11.2,440.1785714,70.2,54.1,129.7597043
Mongolia,2024,885,144,9.1,45.2,83.9,,2.17,0.1,38,286,43,12.9,333.3333333,51.3,12.7,403.9370079,70.3,56.3,124.8667851
Montenegro,2015,30,67,61.5,18.8,68.1,,2.41,0.4,85,1560,2.3,3.7,62.16216216,87.2,,,46.3,39.2,118.1122449
Montenegro,2020,31,70,61.5,27,77.6,,4.22,0.4,113,351,2.5,4,62.5,87.3,,,59.1,41.7,141.7266187
Montenegro,2024,32,73,61.5,27,88.2,,2.25,,169,2036,2.5,4,62.5,87.3,,,64.1,43.1,148.7238979
Montserrat,2015,,146,25,30.6,54.6,,,,54,9,0.1,10.5,0.952380952,,,,,,
Montserrat,2020,0,77,25,30.6,,,,,62,4,0,5.4,0,,,,,,
Montserrat,2024,0,82,25,30.6,,,,,88,2,0,5.7,0,,,,,,
Morocco,2015,62,23,12.7,34.5,57.1,,1.53,0.7,176,10177,54.5,1.6,3406.25,89.3,35.6,250.8426966,33.7,,
Morocco,2020,102,24,12.9,59.5,84.1,,1.62,,238,2778,61.8,1.7,3635.294118,90.1,45.7,197.1553611,34.4,,
Morocco,2024,108,26,12.9,59.5,90.7,,0.74,,285,10869,67.1,1.8,3727.777778,90.3,46.7,193.3618844,34.4,,
Mozambique,2015,702,16,48.2,41.2,6.5,,11.62,0.3,268,1552,6.3,0.2,3150,,,,,14.2,
Mozambique,2020,733,14,46.7,41.2,17.8,,18.6,,426,952,5.4,0.2,2700,,,,,19.2,
Mozambique,2024,834,15,46.4,41.2,21.2,,14.49,,559,492,6.9,0.2,3450,,,,,20.9,
Myanmar,2015,1098,15,45.9,20.9,10.9,,1.93,,301,4681,21.6,0.4,5400,70.4,41.4,170.0483092,57.1,62.6,91.21405751
Myanmar,2020,1067,16,43.7,22.3,48.1,,3.76,0.1,357,903,32.9,0.6,5483.333333,72.1,49.9,144.488978,53.4,64,83.4375
Myanmar,2024,1110,15,43.3,22.3,,,2.38,0,517,233,27.7,0.5,5540,72.4,50.4,143.6507937,52.7,64.3,81.95956454
Namibia,2015,21,35,8.5,86.2,25.7,,1.26,0.3,105,1388,3.7,1.6,231.25,,,,,,
Namibia,2020,29,32,8.1,86.2,57.9,,1.71,,117,170,3.5,1.4,250,,,,,,
Namibia,2024,28,31,8,86.2,62.2,,1.52,,172,461,3.5,1.4,250,,,,,,
Nauru,2015,0,68,0,0,54,,26.48,,80,,0.1,5,2,,,,,,
Nauru,2020,0,61,0,0,81.7,,15.96,,86,,0.1,4.4,2.272727273,,,,,,
Nauru,2024,0,63,0,0,82.7,,15.28,,96,,0.1,4.6,2.173913043,,,,,,
Nepal,2015,416,18,41.6,51.7,17.6,,4.96,0.3,105,539,5.6,0.2,2800,33,23.8,138.6554622,35.4,37.6,94.14893617
Nepal,2020,453,21,41.6,51.7,37.7,,5.2,,109,230,12.9,0.4,3225,24.8,15.9,155.9748428,43,49.7,86.51911469
Nepal,2024,476,21,41.6,51.7,49.6,,4.38,,130,615,12.6,0.4,3150,23.2,14.2,163.3802817,44.6,52.2,85.44061303
Netherlands (Kingdom of the),2015,2016,176,10.8,76.3,91.7,8.91,,2.1,29,15007,151.7,8.9,1704.494382,,,,97.5,97.5,100
Netherlands (Kingdom of the),2020,1138,166,11,79.7,91.3,1.46,,2.3,71,7265,127.1,7.3,1741.09589,,,,97.5,97.5,100
Netherlands (Kingdom of the),2024,1097,169,11,79.7,92.5,0.66,,2.3,61,16063,132.7,7.6,1746.052632,,,,97.5,97.5,100
New Caledonia,2015,2,217,45.9,37.8,74,,,,493,114,4.4,15.4,28.57142857,,,,,,
New Caledonia,2020,2,219,45.8,42.2,82,,,,759,31,4.5,15.8,28.48101266,,,,,,
New Caledonia,2024,3,197,45.8,42.2,,,,,1000,79,4,13.9,28.77697842,,,,,,
New Zealand,2015,790,210,37.4,46.2,85.2,0.37,,1.2,197,3039,32.3,7,461.4285714,,,,,,
New Zealand,2020,727,185,37.6,46.2,95.2,0.34,,1.4,261,948,31,6.1,508.1967213,,,,,,
New Zealand,2024,705,184,37.6,46.2,95.7,0.31,,1.5,266,1389,31.8,6.2,512.9032258,,,,,,
Nicaragua,2015,88,26,32.5,68.7,19.7,,3.73,0.1,141,1386,5.2,0.8,650,67.2,38.6,174.0932642,,,
Nicaragua,2020,94,24,28.3,68.7,54.9,,3.92,,161,384,4.5,0.7,642.8571429,67.3,38.5,174.8051948,,,
Nicaragua,2024,95,25,27.5,68.7,61.1,,5.71,,310,818,5,0.7,714.2857143,,,,,,
Niger,2015,100,5,0.9,23.4,2.5,,8.56,,31,135,2.1,0.1,2100,,,,17.4,4.4,395.4545455
Niger,2020,115,4,0.9,54.7,13.8,,14.67,,37,85,2.4,0.1,2400,,,,19.8,5.2,380.7692308
Niger,2024,116,4,0.8,54.7,16.9,,11.9,,44,,2.6,0.1,2600,,,,20.6,5.6,367.8571429
Nigeria,2015,10738,33,24.6,79.9,22.5,,0.51,,333,1255,91.2,0.5,18240,33.9,16.8,201.7857143,30,25.2,119.047619
Nigeria,2020,10021,32,23.7,79.9,31.9,,0.81,0.3,380,502,103.8,0.5,20760,35.2,19.9,176.8844221,34.7,26.2,132.4427481
Nigeria,2024,9637,32,23.6,79.9,35.5,,0.83,,467,528,108.7,0.5,21740,35.7,21.2,168.3962264,36.6,26.6,137.593985
Niue,2015,0,47,72.4,95.3,79.6,,,,50,8,0,3.4,0,,,,,,
Niue,2020,0,47,72.6,95.3,,,,,56,1,0,3.3,0,,,,,,
Niue,2024,0,48,72.6,95.3,,,,,66,0,0,3.4,0,,,,,,
North Macedonia,2015,58,55,39.4,24.4,70.4,,2.2,0.4,100,486,7,3.3,212.1212121,84.7,74.6,113.538874,8.7,17.6,49.43181818
North Macedonia,2020,50,55,39.7,27.1,81.4,,2.43,0.4,133,118,7.2,3.4,211.7647059,84.6,74.4,113.7096774,8.2,17.9,45.81005587
North Macedonia,2024,41,55,39.7,30,84.2,,2.56,0.4,142,537,6.7,3.2,209.375,84.6,74.4,113.7096774,8.2,18,45.55555556
Northern Mariana Islands,2015,,151,64.1,40.6,,,,,99,479,0.6,11.1,5.405405405,,,,,,
Northern Mariana Islands,2020,0,110,53,40.6,,,,,105,89,0.4,8.1,4.938271605,,,,,,
Northern Mariana Islands,2024,0,120,53,40.6,,,,,111,97,0.4,8.8,4.545454545,,,,,,
Norway,2015,8814,205,33.2,54.5,96.8,1.12,,1.9,44,5361,29.3,5.6,523.2142857,,,,,,
Norway,2020,8733,213,33.4,56.8,94.6,1.11,,2.2,115,1397,33.5,6.2,540.3225806,,,,,,
Norway,2024,8954,220,33.5,56.8,99,1.58,,1.9,89,4979,34.3,6.4,535.9375,,,,,,
Oman,2015,3228,262,0,22.5,73.5,,0.04,0.2,90,1909,59.2,14.1,419.858156,,,,,,
Oman,2020,3341,248,0,22.9,95.2,,,0.3,112,622,56.5,12.4,455.6451613,,,,,,
Oman,2024,3505,275,0,27.2,97.8,,,0.3,154,2059,60.6,13.4,452.238806,,,,,,
Pakistan,2015,2273,15,5.1,34.8,11,,1.42,0.2,129,966,133.2,0.6,22200,52.7,38.3,137.5979112,,28.3,
Pakistan,2020,2205,18,4.8,34.8,18.9,,0.88,0.2,155,,208.5,0.9,23166.66667,55.6,44.4,125.2252252,,36.8,
Pakistan,2024,2429,19,4.8,34.8,32.9,,0.85,0.2,238,,224.6,1,22460,56.8,46.9,121.108742,,40.2,
Palau,2015,0,159,89.1,48.1,,,4.61,,177,162,0.2,11.7,1.709401709,88.9,56.5,157.3451327,,,
Palau,2020,0,164,90,48.1,,,25.28,,189,18,0.2,12,1.666666667,95.2,57.2,166.4335664,,,
Palau,2024,0,163,90.2,48.1,,,,,210,,0.2,12,1.666666667,97.7,57.5,169.9130435,,,
Panama,2015,36,43,57.6,54.3,51.2,,0.02,0.1,373,2110,10.1,2.6,388.4615385,,,,28.6,,
Panama,2020,42,31,56.8,54.9,72.6,,0.28,0.2,400,414,6.8,1.6,425,,,,46.3,,
Panama,2024,46,42,56.7,54.9,73.6,,0.15,0.2,585,1488,10.2,2.3,443.4782609,,,,50,,
Papua New Guinea,2015,543,20,79.5,7.2,7.9,,2.77,,478,183,6.3,0.7,900,,,,29.1,,
Papua New Guinea,2020,596,21,79.2,7.3,24.4,,4.33,0,585,39,7.8,0.8,975,,,,28.3,,
Papua New Guinea,2024,598,21,79.1,7.3,27,,4.57,,1201,67,8.1,0.8,1012.5,,,,28.3,,
Paraguay,2015,327,42,44,36.3,49.7,,0.17,0.1,58,1215,5.8,0.9,644.4444444,71.4,46.8,152.5641026,52.3,50.8,102.9527559
Paraguay,2020,293,44,40.5,36.3,74,,0.89,0.2,67,252,7.3,1.1,663.6363636,72.2,50.7,142.4063116,53,56.7,93.47442681
Paraguay,2024,273,45,39.8,36.3,76.3,,0.46,0.1,100,579,8,1.2,666.6666667,72.2,50.7,142.4063116,53,59,89.83050847
Peru,2015,953,29,57.2,27.3,40.9,,0.18,0.1,643,3456,44.4,1.4,3171.428571,58.7,20.1,292.039801,44,,
Peru,2020,891,27,56.5,28.2,65.3,,0.25,0.2,819,897,42.5,1.3,3269.230769,59.5,22.2,268.018018,56.5,,
Peru,2024,913,29,56.4,28.8,74.7,,0.15,0.2,1165,2009,46.1,1.4,3292.857143,59.8,23,260,61.6,,
Philippines,2015,1092,21,23.5,26.9,36.9,,0.15,0.2,767,5361,104.8,1,10480,61.2,33.5,182.6865672,52.1,58.9,88.45500849
Philippines,2020,1229,21,24.1,42.8,53.8,,0.37,0.3,884,1483,126.5,1.1,11500,61.7,34.5,178.8405797,55,65.9,83.45978756
Philippines,2024,1256,22,24.2,42.8,72.3,,0.4,,1776,2654,134.2,1.2,11183.33333,61.9,35,176.8571429,56.2,68.8,81.68604651
Poland,2015,2843,104,30.8,88.7,68,0.11,,1,51,16728,280.1,7.3,3836.986301,,,,,,
Poland,2020,2423,112,31,88.7,83.2,0.17,,1.4,95,8418,274.3,7.1,3863.380282,,,,,,
Poland,2024,2507,119,31,88.7,86.9,0.53,,1.4,87,15948,301.8,7.9,3820.253165,,,,,,
Portugal,2015,222,89,36.2,77,68.6,0.27,,1.2,256,11723,47,4.5,1044.444444,97.1,90.3,107.530454,87,74.9,116.1548732
Portugal,2020,254,82,36.2,77.3,78.3,0.2,,1.6,465,4208,37.1,3.6,1030.555556,97.1,90.9,106.8206821,95.5,84.5,113.0177515
Portugal,2024,259,82,36.2,77.3,84.5,0.52,,1.7,526,16308,34.7,3.4,1020.588235,97.1,91.2,106.4692982,95.9,86.3,111.1239861
Puerto Rico,2015,1,16,55.7,33,63.5,,,0.4,127,3542,3.1,0.9,344.4444444,,,,,,
Puerto Rico,2020,2,16,56,33,77.7,,,,146,2617,2.8,0.8,350,,,,,,
Puerto Rico,2024,2,22,56,33,84.8,,,,197,3273,3.9,1.2,325,,,,,,
Qatar,2015,9402,640,0,60,92.9,,,0.5,35,2941,70.2,29.1,241.2371134,,,,,,
Qatar,2020,9216,635,0,60,99.7,,,0.5,50,582,78.9,28.6,275.8741259,,,,,,
Qatar,2024,9138,665,0,60,100,0.37,,0.7,76,2560,79.6,29.6,268.9189189,,,,,,
Republic of Korea,2015,2123,224,65,36.4,89.9,0.89,,4,76,13232,581.4,11.4,5100,,,,,,
Republic of Korea,2020,2169,223,64.4,37.6,96.5,0.74,,4.8,136,2519,565.8,10.9,5190.825688,,,,,,
Republic of Korea,2024,2155,236,64.3,37.6,97.2,0.92,,4.9,199,3198,602.4,11.6,5193.103448,,,,,,
Republic of Moldova,2015,28,33,11.8,71.6,69,,3.82,0.3,29,94,4.5,1.4,321.4285714,,,,79.8,,
Republic of Moldova,2020,29,37,11.8,78.4,58.2,,4.28,0.2,33,29,4.8,1.5,320,,,,83.3,,
Republic of Moldova,2024,32,41,11.7,78.4,63.5,,4.24,0.2,37,162,5.4,1.8,300,,,,84.6,,
Romania,2015,1116,67,30,75.9,55.8,0.07,,0.5,85,9331,68.9,3.5,1968.571429,95,66.7,142.4287856,,,
Romania,2020,941,70,30.1,76,78.5,,,0.5,140,5023,63.3,3.3,1918.181818,95,66.7,142.4287856,,,
Romania,2024,966,75,30.1,76,85.5,0.14,,0.5,165,12697,69.1,3.6,1919.444444,95,66.7,142.4287856,,,
Russian Federation,2015,56024,200,49.8,24.6,70.1,,,1.1,217,33729,1571.8,10.9,14420.18349,,,,63.3,,
Russian Federation,2020,60041,216,49.8,25.5,85,,,1.1,279,6359,1607.8,11,14616.36364,,,,64.2,,
Russian Federation,2024,63711,240,49.8,25.5,90.4,,,0.9,276,,1811.2,12.5,14489.6,,,,64.2,,
Rwanda,2015,86,8,10.9,57.6,12.5,,13,,61,1217,0.9,0.1,900,44.6,,,,50.2,
Rwanda,2020,89,8,11.2,57.6,23.8,,16.34,0.8,168,460,1.2,0.1,1200,52.6,,,,56.6,
Rwanda,2024,89,8,11.2,57.6,34.4,,12.27,,196,480,1.5,0.1,1500,54.6,,,,57.9,
Réunion,2015,8,65,38.3,47.1,,,,,126,426,3.9,4.4,88.63636364,,,,,,
Réunion,2020,,,39.2,48.1,,,,,145,217,,,,,,,,,
Réunion,2024,,,39.4,48.1,,,,,163,495,,,,,,,,,
Saint Helena,2015,0,29,5.1,38.5,37.6,,,,80,,0,1.9,0,,,,,,
Saint Helena,2020,0,31,5.1,38.5,,,,,173,,0,2,0,,,,,,
Saint Helena,2024,0,33,5.1,38.5,,,,,189,,0,2.2,0,,,,,,
Saint Kitts and Nevis,2015,0,70,42.3,23.3,66.2,,3.64,,51,118,0.2,5,4,,,,,,
Saint Kitts and Nevis,2020,0,70,42.3,56.8,70.3,,,,57,30,0.2,5,4,,,,,,
Saint Kitts and Nevis,2024,0,70,42.3,56.8,76.5,,,,88,80,0.2,5,4,,,,,,
Saint Lucia,2015,1,43,34,45.6,57.3,,0.83,,58,345,0.5,2.8,17.85714286,,,,,,
Saint Lucia,2020,1,42,34,45.6,75.8,,6.2,,69,131,0.5,2.8,17.85714286,,,,,,
Saint Lucia,2024,1,44,34,45.6,74.2,,5.76,,105,356,0.5,2.9,17.24137931,,,,,,
Saint Pierre and Miquelon,2015,0,153,5.8,1.6,,,,,7,,0.1,11.1,0.900900901,,,,,,
Saint Pierre and Miquelon,2020,0,148,5.3,1.6,,,,,19,,0.1,10.8,0.925925926,,,,,,
Saint Pierre and Miquelon,2024,0,133,5.2,1.6,,,,,26,,0.1,9.7,1.030927835,,,,,,
Saint Vincent and the Grenadines,2015,0,33,73.2,45.6,49.4,,1.76,,54,75,0.2,2.3,8.695652174,,,,,,
Saint Vincent and the Grenadines,2020,0,34,73.2,45.6,77.4,,8.78,,65,27,0.2,2.3,8.695652174,,,,,,
Saint Vincent and the Grenadines,2024,0,34,73.2,45.6,77.7,,14.29,,95,59,0.2,2.3,8.695652174,,,,,,
Samoa,2015,2,24,58,47,25.4,,12.16,,90,128,0.2,1.1,18.18181818,88.6,55.4,159.9277978,40.1,48.4,82.85123967
Samoa,2020,2,24,58.2,47.1,70,,21.49,,100,23,0.2,1.1,18.18181818,90.2,56,161.0714286,37.3,45.5,81.97802198
Samoa,2024,2,24,58,47.1,75.3,,10.92,,123,49,0.2,1.1,18.18181818,90.2,56.2,160.4982206,36.7,44.3,82.84424379
San Marino,2015,,,16.7,,49.6,,,,1,54,,,,,,,,,
San Marino,2020,,,16.7,,78,,,,2,58,,,,,,,,,
San Marino,2024,,,16.7,,85.1,,,,6,94,,,,,,,,,
Sao Tome and Principe,2015,1,15,57.3,86.3,25.8,,15.55,,81,26,0.1,0.7,14.28571429,38.3,22.3,171.7488789,29.7,24.2,122.7272727
Sao Tome and Principe,2020,1,14,54.1,86.3,51.6,,19.31,,108,11,0.1,0.7,14.28571429,40.1,23.6,169.9152542,34,30.2,112.5827815
Sao Tome and Principe,2024,1,14,53.4,86.3,57,,13.07,,143,15,0.1,0.7,14.28571429,40.3,23.8,169.3277311,34.8,31.5,110.4761905
Saudi Arabia,2015,27183,298,0.5,18,69.6,,,0.8,119,17994,527.1,16.1,3273.913043,,,,82.4,,
Saudi Arabia,2020,25916,271,0.5,23.3,97.9,,,0.5,144,4138,475.1,13.2,3599.242424,,,,82.4,,
Saudi Arabia,2024,26624,305,0.5,23.3,100,0.57,,0.5,175,16638,549.2,15.3,3589.542484,,,,82.4,,
Senegal,2015,69,12,42.9,42.2,21.7,,5.02,0.6,106,1007,8.2,0.6,1366.666667,40.5,10.9,371.559633,17,17.2,98.8372093
Senegal,2020,86,12,41.9,45.4,53.3,,6.74,,145,1365,8.2,0.5,1640,41,12.2,336.0655738,13.9,13.5,102.962963
Senegal,2024,87,13,41.7,45.4,60,,5.14,,185,,9.6,0.6,1600,41.3,12.6,327.7777778,13.9,14.2,97.88732394
Serbia,2015,449,81,31.1,26.9,65.3,,0.83,0.8,56,1132,44.3,5.9,750.8474576,81.5,66.5,122.556391,24.8,30.1,82.39202658
Serbia,2020,458,89,31.1,29.6,78.4,,0.95,0.9,86,446,45.5,6.2,733.8709677,81.5,66.6,122.3723724,23,29.5,77.96610169
Serbia,2024,425,92,32.4,31.6,83.5,,0.88,1,119,1773,43.9,6,731.6666667,81.5,66.6,122.3723724,22.4,29.3,76.45051195
Seychelles,2015,0,70,73.3,24.3,54.3,,0.52,,435,276,0.5,5.2,9.615384615,,,,,,
Seychelles,2020,0,79,73.3,52.8,84.8,,1.15,0.2,451,115,0.6,5.8,10.34482759,,,,,,
Seychelles,2024,0,80,73.3,52.8,86.7,,,,468,332,0.6,5.9,10.16949153,,,,,,
Sierra Leone,2015,54,9,36.5,65.3,6.3,,22.75,,158,24,1.1,0.2,550,11.8,6.1,193.442623,16.7,6.7,249.2537313
Sierra Leone,2020,56,9,35.1,65.3,27.5,,21.1,,236,24,1,0.1,1000,12.1,7.9,153.164557,20.8,8.9,233.7078652
Sierra Leone,2024,57,9,34.8,65.3,30.4,,17.49,,303,40,1.3,0.2,650,12.2,8.7,140.2298851,22.5,9.8,229.5918367
Singapore,2015,26,215,23.2,21.1,79,,,2.2,287,12052,62.2,11,565.4545455,100,,,100,,
Singapore,2020,25,250,21.7,21.1,92,,,2.2,326,2086,81.2,13.7,592.7007299,100,,,100,,
Singapore,2024,25,252,21.4,21.1,96,,,,381,5344,81.6,13.7,595.620438,100,,,100,,
Sint Maarten (Dutch part),2015,,289,2.4,5.1,,,,,49,505,0.8,19,4.210526316,,,,,,
Sint Maarten (Dutch part),2020,,238,10.9,5.1,,,,,58,106,0.7,15.4,4.545454545,,,,,,
Sint Maarten (Dutch part),2024,,245,10.9,5.1,,,,,80,373,0.7,15.9,4.402515723,,,,,,
Slovakia,2015,265,124,40,84,77.6,0.1,,1.2,45,4869,28.7,5.3,541.509434,,,,88.5,75.5,117.218543
Slovakia,2020,280,125,40.1,85.8,89.9,0.16,,0.9,116,5630,26.3,4.8,547.9166667,,,,88.5,75.5,117.218543
Slovakia,2024,291,136,40.1,85.8,91.4,0.15,,0.9,104,,29.8,5.5,541.8181818,,,,88.5,75.5,117.218543
Slovenia,2015,143,133,62,73.3,73.1,0.37,,2.2,125,3022,12.6,6,210,,,,,,
Slovenia,2020,151,128,61.5,73.8,86.6,1.15,,2.1,175,1216,11.7,5.5,212.7272727,,,,,,
Slovenia,2024,140,130,61.4,73.8,88.9,1.03,,2.1,196,3936,11.9,5.6,212.5,,,,,,
Solomon Islands,2015,3,12,90.3,4.6,10,,14.82,,238,22,0.3,0.5,60,,,,,,
Solomon Islands,2020,3,11,90.1,4.6,39.6,,13.55,,256,4,0.3,0.4,75,,,,,,
Solomon Islands,2024,3,11,90.1,4.8,45,,15.97,,310,1,0.3,0.4,75,,,,,,
Somalia,2015,129,10,10.1,0,1.8,,23.77,,165,,0.6,0,inf,,,,41.1,16.4,250.6097561
Somalia,2020,151,10,9.5,0,15,,43.94,,199,,0.6,0,inf,,,,43.9,20.9,210.0478469
Somalia,2024,155,10,9.4,0,27.6,,33.2,,267,,0.6,0,inf,,,,44.5,21.8,204.1284404
South Africa,2015,6434,100,14.2,32.7,51.9,,0.42,0.7,527,8904,454.1,8.1,5606.17284,84.3,,,70.9,,
South Africa,2020,6308,93,14.1,36.4,72.1,,0.36,0.6,597,2802,443.3,7.5,5910.666667,81.6,,,72.5,,
South Africa,2024,5876,92,14,36.6,74.7,,0.25,,961,5698,434.2,7.3,5947.945205,80.5,,,73.1,,
South Sudan,2015,321,3,41.8,33.6,3,,15.92,,42,,2,0.2,1000,,,,,,
South Sudan,2020,359,3,11.3,33.6,9.3,,,,61,,1.7,0.2,850,,,,,,
South Sudan,2024,332,3,11.3,33.6,12.1,,,,72,,1.8,0.2,900,,,,,,
Spain,2015,1372,106,37.1,57.3,78.7,1.84,,1.2,551,68175,245,5.3,4622.641509,99.8,98.6,101.2170385,,,
Spain,2020,1406,96,37.2,57.6,93.2,1.08,,1.4,752,18933,193.9,4.1,4729.268293,99.8,98.6,101.2170385,,,
Spain,2024,1437,101,37.2,57.6,94.5,0.54,,1.4,813,71659,212.1,4.5,4713.333333,99.8,98.6,101.2170385,,,
Sri Lanka,2015,159,19,34.4,43.7,15.3,,0.57,0.1,580,1798,19.3,0.9,2144.444444,90.3,37.7,239.5225464,,,
Sri Lanka,2020,153,19,34.2,43.7,36.2,,0.28,0.1,641,508,20.1,0.9,2233.333333,87.5,38.4,227.8645833,,,
Sri Lanka,2024,166,21,34.1,43.7,50.1,,0.19,,837,720,22,1,2200,83,38.7,214.4702842,,,
State of Palestine,2015,9,16,1.7,0,56.7,,11.94,0.5,24,432,3.1,0.7,442.8571429,79.5,73.6,108.0163043,66.4,37.2,178.4946237
State of Palestine,2020,9,16,1.7,0,76,,11.28,,39,170,3.4,0.7,485.7142857,80.9,75.6,107.010582,72.3,49.8,145.1807229
State of Palestine,2024,10,17,1.7,23.5,88.6,,10.08,,59,,3.7,0.7,528.5714286,81.5,76.4,106.6753927,74.6,54.7,136.3802559
Sudan,2015,408,11,906.4,9.1,,,1.17,,123,741,12,0.3,4000,,,,,,
Sudan,2020,346,11,9.8,17.8,26.4,,9.21,,158,836,19.5,0.4,4875,,,,,,
Sudan,2024,383,12,9.7,17.8,28.7,,11.74,,174,,20.6,0.4,5150,,,,,,
Suriname,2015,45,75,97.8,51.2,42.8,,0.31,,76,228,2.7,4.7,57.44680851,63.1,38.2,165.1832461,22,36.2,60.77348066
Suriname,2020,43,74,97.4,51.2,69.8,,1.12,,88,278,2.9,4.8,60.41666667,63.4,40.8,155.3921569,20.7,33.9,61.0619469
Suriname,2024,44,68,97.3,51.2,75.8,,1.16,,156,,2.6,4.3,60.46511628,63.4,40.8,155.3921569,20.7,33.9,61.0619469
Sweden,2015,1398,186,68.7,57.9,90.6,2.05,,3.2,36,6482,30.9,3.1,996.7741935,,,,96,91.6,104.8034934
Sweden,2020,1394,174,68.7,59.2,94.5,1.27,,3.5,98,1957,28.7,2.8,1025,,,,96,91.8,104.5751634
Sweden,2024,1471,186,68.7,59.5,95.7,1.34,,3.4,71,6629,31,3,1033.333333,,,,96,91.8,104.5751634
Switzerland,2015,495,122,31.7,34.4,87.5,0.94,,3.1,62,9305,34.3,4.1,836.5853659,,,,99.9,97.4,102.5667351
Switzerland,2020,519,112,32.1,37.1,94.3,0.45,,3.2,128,3690,30.5,3.5,871.4285714,,,,99.9,99.6,100.3012048
Switzerland,2024,474,110,32.2,37.1,96.8,0.74,,3.4,134,9160,30.4,3.5,868.5714286,,,,99.9,99.6,100.3012048
Syrian Arab Republic,2015,197,22,2.8,0,30,,29.02,0,108,5070,26.3,1.4,1878.571429,,,,,,
Syrian Arab Republic,2020,191,18,2.8,0,34.6,,48.37,,147,,23.1,1.1,2100,,,,,,
Syrian Arab Republic,2024,199,17,2.8,0,,,,,173,,22.7,1.1,2063.636364,,,,,,
Tajikistan,2015,131,20,3,16.8,19,,4.41,0.1,41,414,4.7,0.6,783.3333333,,,,,58.4,
Tajikistan,2020,156,22,3.1,16.8,27.5,,7.51,0.1,48,351,7.5,0.8,937.5,,,,,59.3,
Tajikistan,2024,159,21,3.1,16.8,36.1,,5.26,,60,296,7.5,0.8,937.5,,,,,59.3,
Thailand,2015,3131,81,39.3,67.6,39.3,0.02,0.01,0.6,595,29923,252.6,3.6,7016.666667,,,,27.7,21.1,131.2796209
Thailand,2020,2925,78,38.9,68,77.8,,0.04,1.3,674,6725,248.3,3.5,7094.285714,,,,29.6,22.1,133.9366516
Thailand,2024,2770,80,38.8,68,88,0.01,0.03,1.2,858,511,237.4,3.3,7193.939394,,,,30,22.2,135.1351351
Timor-Leste,2015,281,6,62.4,40.7,18.6,,7.6,,21,62,0.4,0.4,100,,,,,,
Timor-Leste,2020,197,7,61.9,45.6,32,,10.49,,41,18,0.6,0.5,120,,,,,,
Timor-Leste,2024,206,7,61.8,45.6,40.8,,10.74,,66,6,0.6,0.4,150,,,,,,
Togo,2015,112,17,22.5,79.5,7.1,,4.62,0.2,66,273,1.1,0.1,1100,31,6.8,455.8823529,7.2,3.7,194.5945946
Togo,2020,138,19,22.2,79.5,29,,7.4,,94,482,1.6,0.2,800,33.7,7.7,437.6623377,7.1,4.7,151.0638298
Togo,2024,129,18,22.2,79.5,37.6,,4.16,,130,,1.8,0.2,900,33.9,8.1,418.5185185,7.1,4.7,151.0638298
Tokelau,2015,,,0,0,,,,,46,,,,,,,,,,
Tokelau,2020,,,0,0,,,,,54,,,,,,,,,,
Tokelau,2024,,,0,0,,,,,62,,,,,,,,,,
Tonga,2015,0,15,12.4,26.1,38.7,,15.51,,74,54,0.1,1.1,9.090909091,50.5,23.1,218.6147186,25.7,37.5,68.53333333
Tonga,2020,0,25,12.4,26.1,46.2,,30.75,,90,9,0.2,1.8,11.11111111,50.7,23.1,219.4805195,22.3,35.6,62.64044944
Tonga,2024,0,25,12.4,26.1,57.5,,,,121,18,0.2,1.8,11.11111111,50.8,23.1,219.9134199,22.3,35,63.71428571
Trinidad and Tobago,2015,1557,546,44.9,32,65.1,,0.02,0.1,65,440,22.9,15.7,145.8598726,,,,,,
Trinidad and Tobago,2020,1226,405,44.5,32,77.3,,,0.1,126,95,15.5,10.2,151.9607843,,,,,,
Trinidad and Tobago,2024,1079,421,44.4,32,80,,,0.1,169,226,14.9,9.8,152.0408163,,,,,,
Tunisia,2015,269,40,4.5,39.8,46.5,,1.12,0.6,83,5359,26,2.3,1130.434783,83.6,61,137.0491803,84.1,51.8,162.3552124
Tunisia,2020,207,37,4.5,39.8,68.6,,2.38,0.7,107,2012,25,2.1,1190.47619,77.3,66.1,116.9440242,88.9,62.9,141.3354531
Tunisia,2024,235,40,4.5,39.8,73.8,,2.4,,128,6441,26.9,2.2,1222.727273,77.4,67.1,115.3502235,88.9,62.9,141.3354531
Turkmenistan,2015,3407,171,8.8,14,15,,0.07,,49,,60.5,10.5,576.1904762,96.4,85.1,113.2784959,,,
Turkmenistan,2020,3255,162,8.8,14,21.3,,0.06,,59,,61.4,9.8,626.5306122,97.1,92.3,105.2004334,,,
Turkmenistan,2024,3283,159,8.8,14,,,,,59,,61.4,9.7,632.9896907,97.1,92.3,105.2004334,,,
Turks and Caicos Islands,2015,0,125,11.1,27.9,,,,,56,386,0.3,8.8,3.409090909,46.5,,,,,
Turks and Caicos Islands,2020,0,117,11.1,27.9,,,,,65,164,0.4,8.3,4.819277108,46.5,55.7,83.48294434,33.3,43.9,75.85421412
Turks and Caicos Islands,2024,0,118,11.1,27.9,,,,,94,405,0.4,8.3,4.819277108,46.5,55.7,83.48294434,33.3,43.9,75.85421412
Tuvalu,2015,0,11,33.3,,27.3,,88.66,,93,2,0,0.8,0,10.5,5.4,194.4444444,36.3,47.4,76.58227848
Tuvalu,2020,0,12,33.3,,75.4,,58.98,,99,1,0,0.9,0,10.5,5.4,194.4444444,35.1,43.6,80.50458716
Tuvalu,2024,0,12,33.3,,81.2,,42.87,,108,0,0,0.9,0,10.5,5.4,194.4444444,34.7,42.1,82.42280285
Türkiye,2015,1317,68,28.1,2.3,53.7,0.65,0.25,0.9,370,39478,327.6,4.1,7990.243902,,,,63.5,67.3,94.35364042
Türkiye,2020,1826,73,28.9,2.3,77.7,1.16,0.08,1.4,435,15894,364.3,4.3,8472.093023,,,,73.8,78.2,94.37340153
Türkiye,2024,1938,78,29.1,2.3,86,0.77,0.13,1.4,444,50453,398.6,4.7,8480.851064,,,,78,81.1,96.17755857
Uganda,2015,755,22,12.7,72.2,5.8,,5.16,0.1,188,1303,4.3,0.1,4300,35.6,5.7,624.5614035,21.8,15.2,143.4210526
Uganda,2020,874,24,11.7,72.2,7.4,,8.35,,266,473,5.1,0.1,5100,42.3,8.2,515.8536585,22.2,15.9,139.6226415
Uganda,2024,899,24,11.5,72.2,10,,6.45,,322,513,5.7,0.1,5700,45.1,9.3,484.9462366,22.4,16.2,138.2716049
Ukraine,2015,2552,83,16.7,58.3,48.9,,1.53,0.6,87,12428,193.5,4.3,4500,88.5,89.6,98.77232143,60.8,,
Ukraine,2020,2374,81,16.7,59.8,75,,1.46,0.4,132,3141,175.5,4,4387.5,88.3,87.2,101.2614679,68.9,,
Ukraine,2024,2249,84,16.7,59.8,79.2,,1.14,0.3,136,2173,173.4,4,4335,88.3,86.1,102.5551684,68.9,,
United Arab Emirates,2015,9995,401,4.5,45.9,90.5,,,0.9,48,16842,198.7,22.3,891.0313901,,,,98.4,98.5,99.89847716
United Arab Emirates,2020,9465,392,4.5,58.2,100,,,1.5,69,7165,198.3,21.4,926.635514,,,,98.5,98.5,100
United Arab Emirates,2024,9442,379,4.5,58.2,100,0.51,,1.5,98,11479,194.9,20.8,937.0192308,,,,98.5,98.5,100
United Kingdom,2015,4894,116,13,83.1,92,0.7,,2.3,87,35149,403.4,6.2,6506.451613,,,,99,93.6,105.7692308
United Kingdom,2020,4875,96,13.2,83.4,94.8,0.73,,2.9,176,10714,299.2,4.5,6648.888889,,,,99,93.6,105.7692308
United Kingdom,2024,4189,99,13.2,83.4,95.3,0.52,,2.9,165,30741,322,4.8,6708.333333,,,,99,93.6,105.7692308
United Republic of Tanzania,2015,791,17,54.3,59.1,10,,5.56,0.5,1077,1137,11.9,0.2,5950,23.6,2.5,944,29.8,16.6,179.5180723
United Republic of Tanzania,2020,912,17,51.6,65.8,25.6,,3.65,,1259,621,13.9,0.2,6950,24.9,3,830,34.4,19.8,173.7373737
United Republic of Tanzania,2024,938,17,51.1,66,31.9,,3.88,,1615,1027,15.9,0.2,7950,25.5,3.1,822.5806452,34.4,19.8,173.7373737
United States Virgin Islands,2015,0,1,54.7,43.4,54.8,,,,53,642,,,,,,,,,
United States Virgin Islands,2020,0,1,56.9,43.4,64.4,,,,74,303,,,,,,,,,
United States Virgin Islands,2024,0,2,57.3,43.4,,,,,114,685,,,,,,,,,
United States of America,2015,84553,282,33.9,38.1,74.6,0.21,,2.8,1299,77774,5016.5,15.5,32364.51613,97,,,97.2,,
United States of America,2020,90415,254,33.9,38.3,96.6,0.02,,3.5,1655,19212,4295.8,12.8,33560.9375,97.4,,,97.2,,
United States of America,2024,92799,266,33.9,38.3,97.1,0.89,,3.5,1931,50870,4596.8,13.6,33800,97.6,,,97.2,,
Uruguay,2015,127,63,11,21.5,64.6,,0.05,0.4,103,2773,6.4,1.9,336.8421053,94.5,,,,,
Uruguay,2020,132,64,11.6,23.3,85.5,,0.07,0.4,116,3059,6.2,1.8,344.4444444,94.6,,,,,
Uruguay,2024,137,68,11.7,23.3,89.9,,,0.4,147,,7.6,2.2,345.4545455,94.6,,,,,
Uzbekistan,2015,2058,56,8.1,13.2,42.8,,0.52,0.2,54,1918,100.2,3.2,3131.25,87.7,56.5,155.2212389,64.2,84.4,76.06635071
Uzbekistan,2020,1730,54,8.4,19.4,71.1,,2.45,0.1,62,1504,104.1,3.1,3358.064516,88.6,66.8,132.6347305,63.6,85.5,74.38596491
Uzbekistan,2024,2042,59,8.4,20.5,83.9,,1.67,0.2,74,5233,114.8,3.4,3376.470588,88.8,70.7,125.6011315,63.4,85.9,73.80675204
Vanuatu,2015,1,10,36.3,2.8,22.4,,25.07,,137,90,0.1,0.5,20,55.8,,,34.5,,
Vanuatu,2020,1,12,36.3,2.8,64.3,,15.62,,144,22,0.2,0.7,28.57142857,56.1,,,31.2,,
Vanuatu,2024,1,13,36.3,2.8,69.9,,16.39,,181,30,0.2,0.7,28.57142857,56.3,,,29.8,,
Venezuela (Bolivarian Republic of),2015,7393,85,52.9,78.8,58,,0.01,0.4,312,789,141.4,4.6,3073.913043,,,,,,
Venezuela (Bolivarian Republic of),2020,2350,45,52.4,78.8,61.6,,,0.7,379,427,64.9,2.3,2821.73913,,,,,,
Venezuela (Bolivarian Republic of),2024,2375,45,52.3,78.8,,,,,942,,62.7,2.2,2850,,,,,,
Viet Nam,2015,3035,35,44.9,40.2,45,,1.4,0.4,565,7944,181.5,2,9075,75,43.3,173.2101617,40.5,40.4,100.2475248
Viet Nam,2020,2337,45,46.7,40.2,70.3,,0.36,0.4,738,3837,311.1,3.2,9721.875,75.6,45.5,166.1538462,40.7,44,92.5
Viet Nam,2024,2602,41,47,40.2,78.6,,0.15,0.4,1053,3661,258.6,2.7,9577.777778,75.8,46.4,163.362069,40.8,45.4,89.86784141
Wallis and Futuna Islands,2015,0,29,41.6,0,9,,,,88,,0,2,0,,69,,,,
Wallis and Futuna Islands,2020,0,34,41.6,0,,,,,92,,0,2.4,0,,68.9,,,,
Wallis and Futuna Islands,2024,0,35,41.6,0,,,,,100,,0,2.5,0,,68.9,,,,
Western Sahara,2015,,,2.5,,,,,,39,,,,,,,,,,
Western Sahara,2020,,,2.5,,,,,,58,,,,,,,,,,
Western Sahara,2024,,,2.5,,,,,,87,,,,,,,,,,
Yemen,2015,173,6,1,27.9,24.1,,4.33,,287,367,12,0.4,3000,,,,61.4,,
Yemen,2020,164,4,1,27.9,13.8,,13.54,,313,,8.6,0.3,2866.666667,,,,60.6,,
Yemen,2024,154,4,1,27.9,17.7,,,,342,,8.4,0.3,2800,,,,60.5,,
Zambia,2015,351,25,61.5,46.1,8.8,,3.83,,83,932,4.5,0.3,1500,49.5,,,,23.7,
Zambia,2020,405,25,60.3,46.1,24.5,,5.77,,107,502,7.3,0.4,1825,45.5,,,,30.5,
Zambia,2024,417,25,60,46.1,31.2,,5.64,,148,554,7,0.4,1750,45.5,,,,30.5,
Zimbabwe,2015,438,32,45.7,85.1,22.7,,4.02,,60,2057,11.8,0.8,1475,54.9,14,392.1428571,33.1,31.5,105.0793651
Zimbabwe,2020,424,29,45.1,85.1,29.3,,5.65,,122,639,8.2,0.5,1640,55.4,12.9,429.4573643,36,30.6,117.6470588
Zimbabwe,2024,450,30,45,85.1,32.6,,3.86,,137,1044,9.7,0.6,1616.666667,55.5,12.6,440.4761905,34.7,30.4,114.1447368