Employment in agriculture (% of employed),Employment in services (% employed),Economy: Agriculture (% of Gross Value Added),"Fertility rate, total (live births per woman)",Education: Upper Sec. gross enrol. ratio - Male (per 100 pop.),Education: Upper Sec. gross enrol. ratio - Female (per 100 pop.),Under five mortality rate (per 1000 live births),Economy: Services and other activity (% of GVA),Population growth rate (average annual %),Employment in industry (% of employed),gdp_class
44.6,34.7,22.0,5.7,54.3,27.9,76.5,68.3,2.3,20.7,0.0
46.0,35.5,31.4,5.1,54.1,29.3,62.9,55.0,3.3,18.5,0.0
41.3,40.0,22.5,1.6,105.3,91.5,10.1,52.7,0.2,18.7,1.0
36.2,43.2,21.9,1.4,97.2,89.4,9.4,55.1,0.4,20.6,1.0
34.9,43.7,21.3,1.3,101.9,91.4,8.3,54.2,0.7,21.4,2.0
8.8,59.9,12.1,3.1,54.3,76.8,25.3,50.6,2.0,31.2,1.0
56.8,35.4,9.1,5.8,25.7,14.5,88.6,48.8,3.6,7.8,1.0
55.2,38.6,9.9,5.4,31.5,25.7,71.6,44.4,3.2,6.3,0.0
7.8,69.8,6.1,2.3,78.6,91.5,12.9,66.3,1.0,22.3,2.0
7.3,72.2,7.6,1.6,90.5,101.2,11.2,65.6,0.3,20.5,2.0
7.2,72.8,7.9,1.5,101.3,110.5,10.2,63.3,0.3,20.0,2.0
52.2,32.4,18.9,1.6,85.9,89.3,14.6,52.9,0.1,15.4,1.0
52.4,34.6,12.4,1.6,84.2,86.8,11.4,58.2,0.7,13.0,1.0
52.4,33.5,11.4,1.7,86.9,89.1,10.4,60.9,0.7,14.0,2.0
0.6,85.1,0.0,1.9,109.2,109.8,16.5,86.4,0.8,14.0,3.0
2.6,77.3,2.6,1.8,243.9,207.0,3.8,73.4,1.5,20.1,3.0
2.8,78.0,2.5,1.6,197.2,192.8,3.6,70.3,0.7,19.2,3.0
2.2,79.2,2.5,1.6,190.0,180.0,3.2,68.3,1.0,18.6,3.0
4.5,69.7,1.3,1.5,105.1,98.8,3.7,70.5,1.3,25.8,3.0
3.9,71.3,1.2,1.4,104.1,99.5,3.7,70.4,0.4,24.9,3.0
3.5,70.1,1.5,1.3,103.6,100.3,3.4,69.3,0.1,26.4,3.0
36.3,49.3,7.4,1.8,73.7,70.6,20.0,46.2,0.6,14.4,1.0
35.6,49.5,5.1,1.7,66.1,57.5,16.9,34.4,0.6,14.9,2.0
3.5,84.7,0.9,1.6,75.1,78.0,15.1,85.7,0.7,11.8,3.0
3.0,85.2,0.6,1.4,60.3,62.3,12.5,90.0,0.5,11.8,3.0
1.1,63.8,0.3,2.1,96.5,103.5,7.6,59.0,4.0,35.2,3.0
0.9,64.2,0.3,1.9,101.3,102.3,9.1,58.6,0.7,34.9,3.0
0.9,64.3,0.3,1.8,113.4,104.7,6.2,56.2,2.4,34.8,3.0
43.5,36.0,14.7,2.2,48.4,47.0,38.7,54.3,0.9,20.5,0.0
38.1,40.5,12.4,2.2,55.5,61.1,31.3,53.4,0.8,21.4,1.0
36.9,41.3,11.7,2.1,59.9,64.6,21.0,53.0,1.2,21.9,1.0
2.9,77.7,1.7,1.7,106.3,111.9,13.3,82.9,0.2,19.4,2.0
2.8,80.7,2.2,1.7,110.7,118.2,11.6,83.1,0.2,16.6,2.0
2.7,80.8,1.7,1.7,112.9,120.1,12.3,84.0,0.1,16.5,2.0
10.2,58.1,7.2,1.7,108.9,103.0,4.1,55.1,0.2,31.6,1.0
10.9,58.5,8.1,1.4,103.4,96.6,2.9,56.1,1.1,30.6,1.0
10.6,59.0,8.6,1.2,101.1,95.3,3.1,54.1,0.6,30.4,2.0
1.2,77.4,0.8,1.7,142.4,168.4,3.9,77.3,0.7,21.4,3.0
0.9,78.7,0.8,1.6,133.2,156.7,3.6,77.7,0.3,20.4,3.0
0.9,80.0,0.7,1.4,128.9,148.4,3.4,76.9,0.2,19.1,3.0
18.1,66.5,11.1,2.4,55.7,63.6,15.6,71.7,2.1,15.4,1.0
17.3,63.5,9.7,2.0,58.5,69.0,12.9,71.0,1.3,19.2,1.0
16.8,63.6,9.2,2.0,58.7,70.6,10.5,72.5,1.4,19.6,2.0
36.0,43.9,28.7,5.3,49.9,25.2,97.1,53.5,2.9,20.1,0.0
29.4,48.5,29.7,4.8,37.3,24.2,85.6,52.5,2.6,22.1,0.0
28.4,49.3,29.6,4.5,34.7,25.3,77.5,51.6,2.4,22.3,0.0
1.6,87.6,0.2,1.4,79.8,90.1,3.7,94.4,0.1,10.3,3.0
58.0,32.4,14.4,1.8,66.9,72.4,30.6,42.2,1.0,9.7,1.0
49.9,35.2,16.1,1.5,70.7,75.2,25.1,51.3,0.7,14.9,1.0
44.0,40.8,15.0,1.4,79.3,90.2,21.5,52.4,0.6,15.2,1.0
29.7,49.4,12.6,2.9,87.8,88.2,51.4,56.5,1.5,20.9,1.0
30.0,51.9,15.5,2.7,84.4,85.6,45.7,58.5,1.1,18.1,1.0
27.0,52.4,14.1,2.5,88.1,89.0,40.4,56.2,1.4,20.6,1.0
17.9,52.6,7.3,1.3,76.7,79.3,6.4,66.4,1.3,29.5,1.0
12.2,53.3,7.0,1.5,80.1,82.8,6.4,64.8,1.5,34.4,1.0
16.9,49.6,5.8,1.5,80.5,82.6,5.4,64.8,0.7,33.5,2.0
17.6,66.7,1.9,2.7,49.8,64.6,36.8,58.8,1.6,15.7,2.0
9.3,67.8,5.0,1.8,85.5,99.8,16.0,72.5,0.8,22.8,2.0
9.3,70.4,6.6,1.7,91.5,101.9,14.5,70.9,0.5,20.3,2.0
8.7,70.8,7.9,1.6,93.0,109.9,13.7,68.2,0.4,20.5,2.0
0.5,87.4,0.1,1.2,72.7,85.2,15.1,93.7,6.0,11.1,3.0
1.4,82.0,1.1,1.9,110.5,108.7,9.9,38.7,1.3,16.7,3.0
1.3,74.9,1.2,1.8,81.9,86.0,9.8,40.7,1.0,23.7,3.0
6.9,63.2,4.7,1.5,89.2,87.3,7.7,67.5,0.7,29.9,2.0
6.6,63.1,4.0,1.6,89.0,85.9,6.0,70.8,0.5,30.3,2.0
6.4,63.5,4.3,1.7,88.8,84.9,5.9,67.0,0.6,30.0,2.0
76.9,16.8,24.9,5.5,15.9,10.3,100.9,48.3,2.9,6.3,0.0
74.8,18.4,20.6,4.4,25.1,20.6,84.8,43.0,2.4,6.8,0.0
74.2,18.8,22.9,4.1,21.1,20.0,81.5,43.4,2.2,7.0,0.0
86.3,10.2,37.5,5.7,31.1,23.3,68.7,46.2,1.2,3.5,0.0
85.3,11.6,37.3,5.2,44.8,52.0,54.7,44.2,2.8,3.1,0.0
85.1,11.8,36.5,4.8,27.4,34.0,47.9,44.7,2.5,3.1,0.0
15.8,65.4,7.3,2.0,60.2,77.7,18.6,76.2,0.0,18.8,1.0
10.7,67.5,5.4,1.6,65.7,80.7,13.6,75.6,0.1,21.7,1.0
10.1,67.9,4.3,1.5,60.9,78.0,11.6,76.3,0.5,22.0,1.0
36.9,38.0,24.2,2.7,38.0,38.3,25.6,39.0,1.6,25.1,0.0
36.6,36.8,23.7,2.5,40.2,48.3,22.2,36.0,1.2,26.6,0.0
46.5,39.1,18.7,4.8,49.6,39.9,89.8,54.0,3.0,14.3,0.0
43.1,41.7,19.0,4.6,45.3,39.2,74.8,56.1,2.7,15.1,0.0
42.2,42.4,18.3,4.3,41.4,36.3,65.8,54.3,2.6,15.4,0.0
1.6,78.4,2.0,1.6,121.4,123.5,5.3,72.1,0.9,19.9,3.0
1.6,79.2,2.0,1.4,114.6,115.3,5.1,72.6,0.8,19.3,3.0
1.3,79.6,2.0,1.3,114.7,115.1,4.7,72.7,1.0,19.2,3.0
0.8,83.6,0.4,1.3,91.5,96.2,2.9,92.2,2.4,15.5,3.0
72.9,21.0,32.5,6.1,10.3,6.2,123.5,44.6,1.7,6.1,0.0
71.3,22.5,33.4,6.1,10.6,6.4,122.1,44.9,2.6,6.2,0.0
71.3,20.8,29.8,6.7,25.6,9.2,128.6,27.0,2.9,7.9,0.0
69.8,20.9,34.4,6.3,24.1,10.7,110.0,34.3,3.4,9.4,0.0
69.2,21.2,29.7,6.0,27.5,14.9,98.3,21.3,4.2,9.6,0.0
9.2,67.1,4.0,1.7,98.4,100.3,8.2,63.4,1.0,23.7,2.0
7.2,70.9,4.5,1.3,103.0,103.5,5.9,62.4,0.4,21.9,2.0
6.3,70.9,3.9,1.1,106.7,105.9,6.4,60.4,0.5,22.8,2.0
28.3,42.4,8.7,1.7,83.1,89.0,10.8,50.3,0.5,29.3,2.0
23.6,44.8,8.0,1.2,82.9,86.5,7.6,54.0,0.1,31.6,2.0
22.6,45.3,7.7,1.0,88.1,91.1,8.0,52.3,0.2,32.2,2.0
0.2,86.1,0.1,1.2,107.0,102.7,2.5,92.7,0.6,13.7,3.0
0.2,86.3,0.1,0.9,104.4,96.9,2.0,93.4,0.0,13.5,3.0
0.2,85.8,0.1,0.7,100.1,97.0,1.9,93.3,0.5,14.0,3.0
16.3,64.2,6.6,1.8,73.5,86.9,15.6,61.9,0.9,19.5,1.0
16.7,63.4,8.2,1.7,81.1,90.7,13.2,65.8,1.2,19.9,1.0
14.6,65.0,9.2,1.6,84.7,95.8,11.7,61.0,1.0,20.3,1.0
37.9,43.9,31.7,4.4,50.2,54.5,61.2,57.5,2.1,18.2,0.0
35.8,49.0,37.0,4.1,44.0,49.4,51.5,54.6,2.0,15.2,0.0
32.1,43.5,6.1,4.6,46.1,35.6,51.8,42.7,2.4,24.4,1.0
33.0,45.0,10.9,4.3,59.3,50.7,43.4,54.4,2.4,22.0,0.0
4.3,84.0,3.2,2.2,73.2,74.3,8.8,85.4,0.6,11.7,2.0
14.4,67.2,5.2,1.8,95.2,113.6,9.1,73.1,1.1,18.4,2.0
16.5,65.4,4.7,1.4,131.4,154.7,8.1,73.4,0.6,18.1,2.0
13.4,67.6,4.4,1.3,134.7,163.5,7.5,72.9,0.5,19.0,2.0
9.2,64.1,3.6,1.4,91.7,96.5,5.1,71.6,1.1,26.7,2.0
6.5,65.3,3.7,1.5,92.5,97.8,4.7,71.5,0.8,28.2,2.0
5.9,65.7,3.7,1.5,93.1,98.5,4.0,72.6,0.7,28.4,2.0
18.7,64.5,3.9,1.7,90.8,101.4,6.3,73.5,0.0,16.8,2.0
17.8,65.8,2.8,1.5,102.6,109.9,6.0,74.0,0.2,16.5,2.0
17.1,66.3,1.8,1.4,106.9,114.9,5.6,79.7,0.4,16.6,2.0
4.0,79.8,2.1,1.3,100.3,99.6,3.1,86.2,1.4,16.2,3.0
2.7,77.8,2.1,1.4,100.0,96.4,3.3,83.3,1.2,19.5,3.0
2.4,80.5,1.8,1.4,102.3,99.5,2.9,84.4,0.9,17.2,3.0
2.9,59.0,2.5,1.6,108.9,110.7,3.0,60.0,0.0,38.0,2.0
2.6,60.1,2.2,1.8,101.9,103.8,2.8,64.1,0.1,37.2,3.0
2.5,61.0,2.1,1.5,103.6,105.8,2.6,65.3,1.0,36.4,3.0
43.5,44.5,19.8,5.0,31.9,21.8,86.7,58.4,2.9,12.1,0.0
46.2,43.3,20.3,4.5,39.2,30.4,73.8,56.7,2.5,10.5,1.0
45.6,44.0,17.8,4.2,40.3,33.5,66.3,58.0,2.4,10.5,1.0
46.4,40.4,21.6,1.9,94.9,96.9,21.4,32.2,0.5,13.2,0.0
45.5,41.7,22.4,1.8,98.8,101.4,17.5,33.8,0.4,12.8,0.0
59.2,31.5,19.7,6.4,45.0,27.7,95.7,35.5,3.3,9.3,0.0
56.1,33.7,17.9,6.0,59.2,36.4,72.4,32.3,3.2,10.2,0.0
2.5,78.1,1.1,1.7,143.7,153.2,4.1,75.9,0.8,19.4,3.0
2.1,79.0,1.6,1.7,140.4,141.1,3.5,75.7,0.3,18.9,3.0
2.1,78.8,1.3,1.5,143.4,140.6,3.4,76.4,0.5,19.1,3.0
1.4,93.2,1.3,3.0,39.8,30.1,65.2,86.6,1.7,5.4,1.0
1.2,93.0,1.4,2.7,36.3,30.7,55.6,86.6,1.5,5.8,1.0
1.2,92.9,1.4,2.6,37.4,31.9,49.1,86.6,1.3,6.0,1.0
9.7,71.9,5.9,2.4,70.0,80.5,34.9,63.5,1.1,18.4,2.0
9.0,71.6,6.5,2.3,62.1,73.6,33.5,61.2,1.1,19.5,2.0
7.7,72.0,6.2,2.2,56.5,68.9,31.5,58.4,0.8,20.3,2.0
26.2,54.1,10.2,2.2,94.1,99.2,15.4,55.4,1.4,19.7,1.0
31.8,52.3,10.5,2.0,93.4,97.2,13.0,56.8,0.8,15.9,1.0
31.5,51.1,9.4,1.8,94.7,98.2,12.1,57.1,0.9,17.3,1.0
25.8,49.1,11.3,3.5,64.3,63.2,23.4,52.5,2.0,25.1,1.0
20.4,51.1,12.1,2.8,74.4,71.4,19.4,54.3,1.6,28.5,1.0
18.7,53.0,11.5,2.7,72.6,69.1,16.2,54.1,1.6,28.4,1.0
18.1,59.7,6.1,2.1,51.9,56.7,15.4,66.1,0.3,22.2,1.0
15.8,60.9,5.9,1.8,50.1,54.0,12.8,67.9,0.4,23.4,1.0
15.0,61.6,5.3,1.8,49.2,55.9,11.3,66.6,0.4,23.4,1.0
66.5,24.8,17.2,4.2,34.2,28.8,46.5,51.6,0.7,8.7,0.0
64.7,26.5,17.3,3.9,27.0,25.5,39.2,51.4,1.8,8.8,0.0
3.9,65.4,3.3,1.6,112.6,116.3,3.4,69.2,0.2,30.7,2.0
3.0,67.9,2.3,1.6,118.1,129.1,2.0,71.9,0.1,29.1,3.0
2.6,68.8,2.8,1.4,117.9,128.7,2.3,70.0,1.0,28.6,3.0
13.4,61.8,9.8,3.1,66.7,64.8,64.0,52.6,0.6,24.7,1.0
13.6,62.5,8.7,2.9,77.4,74.1,54.7,57.8,1.2,23.9,1.0
69.0,23.1,38.8,4.5,17.6,17.4,63.3,43.7,2.7,7.8,0.0
30.4,55.1,10.0,2.6,70.9,81.9,21.9,70.6,0.1,14.5,1.0
29.7,56.3,16.9,2.4,70.9,86.4,26.3,62.8,0.3,14.0,1.0
28.8,57.0,15.3,2.3,71.4,84.8,20.4,66.3,0.5,14.2,1.0
4.2,74.1,2.6,1.6,184.9,212.6,2.1,70.4,0.3,21.7,3.0
3.7,74.4,2.8,1.4,171.7,199.8,2.3,69.4,0.2,21.9,3.0
3.8,74.8,2.6,1.3,172.1,205.9,2.3,68.0,0.2,21.4,3.0
2.7,76.9,1.8,1.9,105.4,108.6,4.3,78.5,0.3,20.4,3.0
2.4,77.7,1.8,1.8,107.7,108.6,4.0,79.4,0.3,20.0,3.0
2.6,78.2,2.1,1.6,108.5,109.6,3.8,79.1,0.2,19.3,3.0
30.2,54.0,7.0,3.8,46.2,49.0,41.2,49.8,2.3,15.8,2.0
51.8,41.6,24.3,5.0,42.9,37.1,59.6,56.9,2.7,6.6,0.0
47.5,45.0,23.4,3.9,133.7,158.1,43.1,58.5,2.3,7.5,0.0
44.0,44.9,8.8,2.2,102.3,103.1,10.7,69.7,0.0,11.0,1.0
41.1,45.5,8.3,2.0,110.0,107.2,9.6,67.5,0.1,13.4,1.0
39.9,46.3,7.0,1.8,118.0,112.7,7.7,68.4,0.0,13.8,1.0
1.4,70.9,0.8,1.5,109.8,98.4,3.9,69.1,1.2,27.7,3.0
1.2,71.4,0.8,1.5,110.4,95.1,3.6,69.7,0.0,27.4,3.0
1.2,71.9,1.0,1.4,110.8,96.0,3.4,69.3,0.3,26.9,3.0
35.2,46.1,21.8,4.0,52.4,46.1,55.5,44.2,2.3,18.7,0.0
40.5,40.9,20.1,3.5,65.6,62.1,45.5,48.1,2.0,18.6,0.0
39.7,41.4,20.9,3.3,72.5,72.2,40.1,44.9,1.9,18.9,0.0
12.5,72.4,4.4,1.3,109.1,102.4,4.2,79.2,0.7,15.0,2.0
10.3,74.7,4.7,1.4,106.7,104.8,3.8,78.6,0.3,15.0,2.0
11.2,73.3,4.3,1.3,108.6,106.6,3.4,76.6,1.8,15.6,3.0
31.9,49.2,10.6,3.0,36.5,37.2,28.6,65.3,1.8,18.9,1.0
30.5,49.2,10.5,2.5,35.4,37.5,23.7,65.8,1.5,20.3,1.0
27.1,50.8,9.9,2.3,29.0,33.8,21.2,66.0,1.5,22.0,1.0
63.5,30.4,20.1,5.0,34.9,21.9,112.3,51.3,2.6,6.1,0.0
61.2,31.8,28.2,4.5,35.2,26.1,100.3,41.3,2.5,7.0,0.0
60.3,32.4,29.4,4.1,32.7,25.8,92.0,39.6,2.3,7.2,0.0
18.8,58.5,27.0,2.7,89.6,96.4,33.0,46.8,0.6,22.7,1.0
12.1,64.4,17.8,2.5,64.9,75.6,28.3,41.2,1.1,23.6,2.0
11.9,62.7,10.3,2.4,66.4,74.8,22.2,19.8,0.6,25.4,2.0
28.7,49.5,12.6,2.7,53.6,73.7,20.5,60.8,1.9,21.8,1.0
4.9,64.8,4.5,1.4,107.7,110.3,5.1,64.2,0.3,30.3,2.0
4.8,63.3,4.0,1.6,105.9,105.1,4.0,67.1,0.4,31.9,2.0
4.4,64.3,3.8,1.5,101.2,101.6,3.6,67.3,0.3,31.4,2.0
4.2,77.9,5.9,1.8,133.6,136.4,3.3,71.7,1.0,17.8,3.0
4.0,78.0,5.2,1.7,122.2,116.7,3.4,72.5,1.3,17.9,3.0
4.1,77.9,4.5,1.5,131.6,124.1,1.6,71.7,1.4,18.0,3.0
44.3,30.7,17.7,2.3,66.2,62.9,43.5,52.3,1.2,25.0,0.0
44.7,31.6,20.3,2.0,71.8,66.5,32.6,52.5,0.9,23.7,0.0
42.9,31.0,18.4,2.0,73.0,71.4,28.2,53.3,0.9,26.1,1.0
33.0,44.9,13.9,2.3,79.3,76.2,27.5,44.7,1.1,22.0,1.0
29.6,48.9,14.2,2.2,92.7,96.2,22.8,46.1,0.8,21.5,1.0
29.3,48.8,13.0,2.1,95.2,99.1,19.9,43.7,0.8,21.9,1.0
17.1,50.0,10.4,2.0,90.1,84.6,15.5,56.6,1.4,32.8,1.0
16.7,49.7,13.9,1.7,80.1,79.4,13.1,55.8,0.6,33.6,1.0
5.3,76.6,1.0,1.9,133.7,141.5,4.0,57.8,1.0,18.1,3.0
4.5,76.7,1.0,1.7,161.1,187.8,3.2,59.4,0.8,18.8,3.0
4.0,76.8,1.2,1.6,164.1,192.5,3.2,55.3,1.0,19.2,3.0
1.0,81.4,1.6,3.1,95.1,96.0,3.8,76.3,2.0,17.6,3.0
0.9,83.3,1.4,2.9,95.4,96.7,2.8,78.7,1.6,15.8,3.0
0.8,83.5,1.3,2.8,96.8,98.2,3.7,79.0,1.4,15.7,3.0
3.8,69.6,2.3,1.3,99.5,99.0,3.4,74.5,0.2,26.6,3.0
4.0,69.6,2.2,1.2,100.9,99.9,2.9,73.9,0.4,26.4,3.0
3.8,69.3,2.2,1.2,102.5,101.4,2.6,72.2,0.3,26.9,3.0
17.7,67.3,7.2,1.5,77.6,81.5,18.7,70.7,0.3,14.9,1.0
15.9,68.3,9.8,1.4,77.1,79.0,19.2,67.3,0.4,15.8,1.0
15.3,67.5,9.4,1.4,80.7,81.4,18.9,67.5,0.0,17.2,1.0
3.5,71.4,1.0,1.4,102.5,103.0,2.7,70.2,0.1,25.1,3.0
3.1,72.8,1.0,1.3,103.4,103.5,2.3,69.8,0.4,24.0,3.0
3.1,73.3,1.0,1.2,103.0,103.7,2.3,70.0,0.5,23.6,3.0
3.4,75.4,4.9,3.1,57.0,66.8,17.5,67.0,7.2,21.1,1.0
3.3,79.1,5.1,2.8,53.8,60.5,15.1,68.7,1.9,17.6,1.0
3.2,78.6,5.2,2.6,62.0,65.0,13.3,67.7,0.4,18.2,1.0
18.0,61.4,5.0,2.8,97.9,105.5,12.4,62.5,1.5,20.6,2.0
13.5,65.4,5.7,3.1,97.6,97.2,10.1,59.3,1.4,21.2,2.0
2.2,72.9,0.5,2.0,82.5,98.6,9.4,50.9,4.7,24.9,3.0
30.4,47.3,15.4,3.2,79.0,82.4,22.2,57.1,1.8,22.4,0.0
25.1,51.2,14.7,3.0,81.1,80.9,18.2,53.8,2.5,23.7,0.0
24.6,50.9,13.7,2.8,85.0,83.4,14.6,59.0,1.5,24.6,0.0
63.9,26.7,19.7,2.8,46.8,42.4,53.3,49.4,1.6,9.4,0.0
66.4,25.6,18.4,2.5,51.3,46.2,43.5,44.4,1.5,8.1,1.0
69.6,23.3,22.3,2.4,45.3,41.5,37.2,46.4,1.3,7.2,0.0
7.9,68.4,4.0,1.7,122.9,121.4,4.9,74.3,0.9,23.6,2.0
7.2,69.1,4.6,1.5,109.9,111.8,4.3,72.9,0.7,23.6,2.0
6.8,69.5,5.7,1.3,108.1,110.8,3.4,69.9,0.8,23.7,3.0
30.8,35.4,4.2,3.2,37.9,49.8,81.2,57.9,1.2,33.8,0.0
30.2,35.4,6.0,2.8,35.0,49.3,76.3,58.8,1.2,34.4,0.0
42.1,49.0,69.5,4.5,33.6,24.4,92.3,20.0,2.2,8.9,0.0
40.2,51.6,75.6,4.2,31.7,30.4,77.2,16.4,2.1,8.2,0.0
9.1,65.9,3.8,1.7,119.6,114.0,5.3,66.5,1.1,25.1,2.0
5.7,68.9,3.9,1.5,117.8,112.6,3.2,68.3,0.1,25.4,2.0
5.5,68.8,4.4,1.2,121.9,115.6,3.8,67.3,0.5,25.7,3.0
1.0,86.4,0.2,1.5,94.4,100.4,5.1,87.1,2.3,12.5,3.0
0.8,88.9,0.2,1.4,98.2,104.2,6.5,87.4,1.4,10.4,3.0
1.1,89.8,0.3,1.4,95.8,104.6,3.7,88.3,1.1,9.1,3.0
74.6,16.1,27.0,4.3,22.9,21.7,66.4,53.2,2.6,9.2,0.0
71.7,18.8,26.7,4.2,21.9,22.0,66.0,52.7,2.5,9.5,0.0
70.1,20.1,23.5,3.9,22.2,22.9,64.4,50.4,2.4,9.9,0.0
65.0,27.5,26.5,4.4,25.3,20.3,57.0,55.1,2.7,7.5,0.0
62.9,29.2,26.5,3.9,21.0,18.4,43.7,53.3,2.6,7.9,0.0
62.1,29.8,29.4,3.6,21.8,19.8,38.2,52.5,2.6,8.1,0.0
12.5,60.0,8.4,2.0,77.0,87.7,8.1,52.7,1.7,27.5,2.0
10.5,61.7,8.3,1.7,68.6,77.2,8.0,55.4,1.1,27.8,2.0
10.0,61.9,9.0,1.5,73.9,81.9,6.2,51.4,1.2,28.1,2.0
8.0,67.0,8.3,1.6,27.4,37.5,6.8,77.9,2.8,24.9,2.0
62.3,29.5,39.8,6.4,33.8,23.5,115.8,40.9,3.1,8.3,0.0
68.1,22.6,38.4,5.8,25.5,20.6,100.1,38.2,3.1,9.3,0.0
1.5,78.5,1.0,1.4,86.2,94.8,6.8,79.7,2.4,20.0,3.0
1.1,80.6,0.8,1.1,100.5,107.2,4.6,84.3,1.4,18.3,3.0
0.8,82.0,1.0,1.1,103.0,105.7,5.5,85.4,1.2,17.2,3.0
11.0,79.6,12.6,3.1,66.3,77.3,35.3,76.0,2.1,9.4,1.0
33.4,49.2,23.0,5.2,24.2,19.2,48.8,51.7,3.0,17.5,0.0
34.0,51.6,21.2,4.9,30.5,30.4,41.8,43.9,2.9,14.4,0.0
7.5,67.1,3.5,1.3,78.4,88.3,14.2,74.6,0.0,25.3,2.0
5.3,71.3,3.6,1.4,75.0,83.1,15.8,77.5,0.2,23.4,2.0
14.0,62.0,3.3,2.1,71.4,73.4,16.2,64.0,1.0,24.0,2.0
13.2,62.7,4.0,2.0,79.9,86.5,13.8,63.0,0.7,24.1,2.0
12.6,62.3,4.1,1.9,73.2,83.8,12.5,60.8,0.8,25.0,2.0
28.5,51.3,15.3,3.0,84.0,90.4,19.4,50.3,2.2,20.3,1.0
25.1,54.5,14.3,2.9,93.4,101.9,15.0,44.7,1.6,20.4,1.0
26.3,51.6,14.6,2.6,99.0,107.0,11.3,45.9,1.2,22.1,1.0
7.7,74.8,9.7,1.8,88.4,86.1,3.9,72.9,0.6,17.5,1.0
7.5,74.1,9.1,1.8,87.8,87.4,4.2,70.0,0.6,18.4,2.0
7.2,74.3,7.5,1.8,84.0,86.4,3.4,76.4,0.3,18.5,2.0
36.2,41.4,13.2,2.4,58.0,52.7,23.3,58.2,1.1,22.4,1.0
32.1,44.4,11.9,2.3,61.7,63.1,18.6,59.2,1.0,23.5,1.0
30.8,45.3,11.4,2.2,63.7,69.1,16.3,60.3,0.9,24.0,1.0
72.1,20.1,26.5,5.2,23.9,21.9,83.9,52.5,2.9,7.7,0.0
70.8,20.4,30.2,5.0,32.2,32.2,70.5,45.4,3.0,8.8,0.0
70.1,20.8,29.7,4.7,28.1,27.4,63.0,45.0,2.9,9.1,0.0
51.7,31.5,26.8,2.3,34.5,40.3,51.6,38.8,0.8,16.8,0.0
46.5,35.0,21.8,2.2,53.5,66.4,43.0,40.4,0.7,18.6,0.0
64.9,19.5,29.4,2.3,50.0,51.2,40.3,56.0,0.7,15.6,0.0
62.2,20.7,25.2,2.1,69.7,74.3,30.3,61.2,1.8,17.1,0.0
61.4,21.2,24.7,2.0,77.0,79.4,24.8,61.2,0.2,17.5,0.0
2.3,81.2,1.9,1.7,129.4,138.0,3.8,77.9,0.5,16.4,3.0
2.1,82.0,1.8,1.5,129.8,138.6,4.3,78.2,0.4,16.0,3.0
1.9,84.1,1.7,1.4,131.3,140.3,3.6,76.6,0.7,14.0,3.0
6.1,71.9,4.9,2.0,123.9,138.8,5.1,72.0,2.1,22.0,3.0
6.0,73.6,6.2,1.6,129.0,144.9,4.4,72.3,1.3,20.4,3.0
6.0,73.2,6.2,1.7,132.1,146.8,4.7,72.3,0.8,20.8,3.0
30.9,51.3,17.8,2.4,47.8,58.7,19.4,53.7,1.4,17.8,0.0
73.1,19.8,34.7,7.2,11.5,9.0,127.4,41.2,3.7,7.1,0.0
71.4,21.3,40.5,6.4,14.2,9.5,120.7,38.1,3.3,7.3,0.0
38.0,49.6,20.9,5.5,45.4,40.8,126.2,58.8,2.5,12.5,1.0
38.8,47.0,24.4,4.7,42.2,42.0,113.7,47.0,2.1,14.2,0.0
38.0,47.5,24.1,4.4,43.2,43.0,102.8,44.7,2.1,14.6,0.0
17.7,51.7,11.1,1.8,74.3,74.5,9.6,61.5,0.9,30.6,1.0
11.6,57.4,9.8,1.6,68.5,67.5,6.4,64.4,1.5,31.0,1.0
9.7,59.9,8.6,1.5,75.0,76.4,6.9,65.7,0.5,30.4,1.0
2.0,77.9,1.7,1.7,130.7,123.0,2.9,62.9,0.9,20.1,3.0
2.1,78.4,2.1,1.5,141.3,128.6,2.1,67.5,0.4,19.5,3.0
2.2,78.5,1.7,1.4,140.9,129.6,2.1,45.6,1.0,19.3,3.0
5.3,57.4,1.6,3.0,98.9,98.1,11.2,47.8,5.1,37.3,2.0
5.2,48.0,2.4,2.6,92.7,90.7,10.7,52.6,2.2,46.8,2.0
6.1,47.0,2.1,2.5,100.3,96.7,10.1,50.1,4.4,46.9,3.0
41.0,35.0,24.5,4.0,32.6,24.4,76.2,55.5,1.4,24.0,0.0
38.0,37.2,23.2,3.8,35.6,29.7,65.2,57.0,1.9,24.8,0.0
36.4,38.1,23.8,3.5,37.8,31.1,58.1,55.1,1.5,25.5,0.0
14.7,66.6,3.0,2.5,56.3,64.2,17.1,69.2,1.7,18.7,2.0
14.1,67.5,3.0,2.2,55.0,62.9,12.8,73.1,1.2,18.5,2.0
15.3,68.0,2.7,2.1,67.1,74.2,13.2,70.3,1.2,16.7,2.0
21.7,68.9,18.3,3.6,23.4,16.8,51.5,45.3,2.5,9.4,1.0
19.3,69.7,19.6,3.3,21.4,15.0,44.2,45.9,2.0,11.0,1.0
21.8,58.6,10.2,2.6,63.9,69.9,22.1,52.5,1.5,19.5,1.0
21.3,59.6,11.5,2.5,77.2,87.2,18.7,51.7,1.4,19.1,1.0
17.4,63.8,11.8,2.4,68.0,73.8,19.3,52.0,1.2,18.7,1.0
27.0,55.6,7.7,2.2,95.1,91.6,17.3,59.1,1.2,17.4,1.0
33.7,50.5,8.3,2.1,96.8,97.4,15.7,58.9,1.1,15.9,1.0
25.7,56.8,8.6,2.0,89.5,87.8,12.8,54.2,1.1,17.5,2.0
29.2,54.6,11.0,2.8,73.6,82.1,28.4,58.5,1.4,16.2,1.0
24.8,56.9,10.2,2.1,70.2,81.0,28.1,61.4,1.1,18.3,1.0
23.7,57.4,9.5,1.9,80.5,95.1,26.5,61.2,0.8,18.9,1.0
11.5,57.9,2.8,1.3,119.8,115.8,4.8,62.1,0.0,30.5,2.0
9.6,58.7,2.9,1.4,114.7,113.6,4.1,64.9,0.3,31.7,2.0
8.3,60.9,3.2,1.3,113.3,111.3,3.8,65.3,0.9,30.8,2.0
7.5,68.1,2.4,1.3,117.0,117.8,3.6,75.2,0.2,24.3,2.0
5.4,69.9,2.5,1.4,121.1,124.7,3.0,75.3,0.2,24.8,3.0
5.0,71.0,2.1,1.5,121.2,125.7,3.0,76.4,0.1,24.0,3.0
1.4,84.8,0.8,1.4,90.4,95.7,7.4,48.0,1.3,13.7,3.0
1.3,85.9,0.7,0.9,87.2,91.5,6.2,49.3,0.7,12.8,3.0
1.2,44.6,0.2,2.0,102.1,106.2,7.6,44.4,8.3,54.1,3.0
1.4,54.3,0.3,1.7,113.0,109.6,5.9,50.0,0.9,44.3,3.0
5.2,69.4,2.2,1.2,96.4,96.2,3.5,60.6,0.8,25.4,3.0
5.4,70.0,1.9,0.8,97.6,96.1,3.0,62.4,0.1,24.6,3.0
5.4,70.1,1.8,0.7,96.7,95.7,2.6,63.5,0.1,24.5,3.0
59.6,29.9,14.7,1.9,101.2,105.6,15.7,61.1,1.6,10.5,1.0
57.8,30.8,10.8,1.8,78.4,80.6,14.5,62.5,1.4,11.4,1.0
55.4,31.9,9.2,1.7,82.6,83.7,11.8,67.5,1.2,12.7,1.0
25.6,46.0,5.0,1.6,94.0,85.9,9.2,59.9,0.5,28.5,2.0
20.5,49.8,4.6,1.7,92.3,84.0,6.7,66.1,0.6,29.7,2.0
18.0,49.2,4.9,1.7,87.2,89.8,6.3,63.3,0.6,32.8,2.0
6.7,66.1,4.3,1.8,112.8,102.0,8.1,62.5,0.3,27.2,2.0
6.0,67.5,4.4,1.5,47.0,54.4,5.7,62.6,0.2,26.5,2.0
5.7,67.8,4.3,1.5,43.3,48.4,5.3,59.5,0.5,26.6,2.0
63.6,26.9,26.3,4.1,32.5,32.0,47.5,54.5,2.4,9.5,0.0
50.1,32.6,29.0,3.9,29.7,31.0,40.7,50.7,2.2,17.2,0.0
56.0,29.6,26.9,3.6,25.9,29.5,35.4,50.2,2.1,14.4,0.0
11.0,72.1,2.5,1.5,85.5,89.2,17.8,85.0,0.4,16.9,2.0
7.6,79.4,2.5,1.4,89.7,87.6,17.5,82.8,0.3,13.0,2.0
10.5,72.7,1.8,1.4,83.7,89.8,16.6,86.6,0.2,16.8,2.0
11.2,69.1,7.3,2.1,89.5,104.6,18.1,75.3,0.5,19.7,2.0
10.2,70.2,10.2,1.8,106.5,119.1,17.7,74.9,0.5,19.6,2.0
9.7,70.4,5.6,1.8,105.7,128.1,14.2,76.8,0.7,19.9,2.0
24.9,59.9,9.2,4.3,71.5,83.0,18.5,74.6,0.9,15.3,1.0
20.9,63.1,11.0,4.0,72.3,81.9,17.5,76.6,1.0,16.0,1.0
0.3,65.4,0.0,1.2,95.8,94.0,2.0,64.9,0.8,34.3,3.0
19.5,61.1,12.2,4.4,56.4,62.7,23.3,72.1,1.7,19.3,0.0
17.8,62.5,14.3,3.8,64.4,76.7,16.2,72.2,2.2,19.8,0.0
5.9,70.3,2.8,2.6,101.3,98.7,9.1,52.1,3.3,23.8,2.0
3.2,73.9,3.1,2.3,106.4,104.2,7.0,55.7,1.2,22.9,2.0
2.9,80.2,2.5,2.3,133.5,133.2,7.4,41.3,1.8,16.9,3.0
31.3,50.3,16.0,4.8,38.0,33.3,51.0,57.6,3.0,18.4,0.0
23.0,55.4,18.0,4.0,34.4,37.1,40.2,56.2,2.6,21.6,0.0
21.5,55.8,18.2,3.8,32.8,39.0,34.2,56.5,2.3,22.6,0.0
19.4,56.1,8.1,1.5,91.2,94.6,6.3,61.0,0.7,24.5,1.0
14.6,57.5,7.6,1.5,86.7,89.4,5.6,62.4,0.9,27.9,2.0
13.6,57.4,7.7,1.5,84.6,88.7,4.7,61.9,0.7,29.1,2.0
3.6,78.2,2.5,2.2,50.1,58.9,14.5,80.5,2.4,17.9,2.0
55.9,37.3,60.5,4.5,27.9,22.3,132.9,34.9,2.3,6.7,0.0
44.6,43.8,62.2,4.1,44.7,43.9,108.4,32.4,2.3,11.6,0.0
43.3,44.6,60.0,3.7,55.2,55.6,95.7,33.1,2.1,12.0,0.0
0.2,82.5,0.0,1.0,111.2,109.6,2.7,74.2,1.2,17.2,3.0
0.1,85.0,0.0,0.9,107.3,105.7,2.7,75.5,2.2,14.8,3.0
0.1,85.7,0.0,1.0,106.2,105.6,2.2,74.6,0.7,14.2,3.0
3.2,60.7,2.4,1.4,85.0,88.6,6.4,63.6,0.1,36.1,2.0
2.6,60.9,1.9,1.6,84.3,88.7,6.0,66.7,0.0,36.6,2.0
2.5,61.6,2.5,1.6,85.1,88.9,4.8,65.6,0.5,35.9,2.0
7.1,60.9,2.4,1.6,117.2,118.4,2.3,65.2,0.1,32.0,3.0
4.1,61.9,2.4,1.6,118.5,121.6,2.4,64.6,1.1,34.0,3.0
4.3,65.5,2.1,1.6,115.4,118.3,1.8,65.9,0.0,30.2,3.0
40.4,49.9,33.3,4.3,30.8,26.3,23.0,51.2,3.6,9.7,0.0
15.4,63.2,2.5,2.4,110.6,109.4,39.1,71.2,2.3,21.4,1.0
21.4,61.0,2.9,2.3,101.1,119.3,29.3,71.4,1.6,17.6,1.0
19.3,62.7,3.2,2.2,105.8,124.7,31.2,69.4,1.2,18.1,2.0
60.4,25.2,4.2,4.7,8.4,3.8,244.7,50.9,0.1,14.5,0.0
61.0,25.5,6.0,4.2,11.3,6.4,99.1,54.4,2.6,13.4,0.0
4.1,76.0,3.0,1.3,127.8,132.5,3.1,74.9,0.0,19.9,3.0
4.0,75.5,3.1,1.2,117.9,126.8,3.0,74.9,0.2,20.5,3.0
3.8,76.1,2.6,1.2,122.3,132.0,2.9,74.6,0.0,20.1,3.0
28.7,45.6,8.9,2.1,89.3,99.4,8.8,58.9,0.8,25.8,1.0
27.1,46.0,8.7,2.0,90.7,102.8,7.0,61.3,0.7,26.9,1.0
26.4,46.5,9.2,2.0,81.1,89.0,6.2,59.0,0.6,27.0,1.0
8.7,62.6,8.7,4.0,63.3,80.3,18.6,72.1,2.4,28.7,1.0
6.4,63.0,8.4,3.5,69.6,85.7,15.2,71.5,2.3,30.6,1.0
6.2,61.2,8.0,3.2,71.0,88.0,27.5,71.2,1.6,32.6,1.0
42.7,42.5,32.0,4.9,39.7,41.9,64.8,51.8,3.0,14.8,0.0
41.1,44.5,20.4,4.5,39.4,42.3,55.3,58.4,2.6,14.3,0.0
7.2,65.6,11.3,2.6,36.6,62.3,20.4,59.1,1.1,27.2,2.0
7.5,66.0,8.3,2.2,34.9,47.6,12.4,45.8,0.8,26.4,1.0
2.0,79.7,1.6,1.8,148.5,179.7,2.9,73.4,1.1,18.3,3.0
1.7,80.0,1.5,1.7,151.1,173.8,2.8,74.2,0.5,18.3,3.0
1.9,80.9,1.6,1.4,153.0,185.0,2.4,71.5,0.5,17.2,3.0
3.4,75.9,0.6,1.5,104.2,98.8,4.6,74.4,1.1,20.7,3.0
2.5,77.1,0.7,1.5,108.5,100.8,4.2,73.8,0.7,20.4,3.0
2.3,77.4,0.6,1.4,106.9,100.5,3.6,73.8,0.5,20.3,3.0
16.6,60.1,33.1,3.1,29.5,32.3,38.2,51.4,3.0,23.3,0.0
16.1,61.6,36.6,2.8,24.6,28.1,22.3,41.1,2.8,22.3,0.0
15.5,61.8,35.1,2.7,25.6,31.2,21.4,42.6,4.0,22.7,0.0
48.4,33.8,23.9,3.5,79.4,57.2,37.8,45.3,2.6,17.8,0.0
32.3,43.9,8.9,1.5,127.3,127.8,10.4,54.9,0.4,23.7,1.0
31.4,46.0,8.7,1.3,93.2,101.3,8.7,58.0,0.2,22.6,2.0
30.4,47.3,8.8,1.2,108.7,107.5,10.0,56.2,0.1,22.2,2.0
52.9,35.5,17.8,3.8,58.3,62.9,60.9,63.8,1.9,11.5,0.0
42.5,45.4,13.4,3.0,70.6,84.1,51.8,49.2,1.9,12.2,0.0
31.8,48.4,21.3,4.4,48.6,34.6,64.4,56.8,2.4,19.8,0.0
30.8,49.2,20.6,4.1,47.4,35.6,57.3,56.7,2.2,20.0,0.0
31.5,42.0,19.7,3.5,65.4,76.1,12.4,62.3,0.5,26.5,1.0
28.8,44.3,21.3,3.2,59.7,70.4,11.4,61.0,0.0,26.9,1.0
26.9,45.5,21.6,3.1,63.2,88.0,10.3,60.1,0.4,27.6,1.0
3.1,71.0,1.9,1.6,81.2,91.0,16.9,65.7,0.4,26.0,2.0
3.0,70.3,1.1,1.5,80.0,89.8,15.8,48.9,0.3,26.7,2.0
14.8,52.1,9.9,2.3,66.6,78.4,17.3,63.3,1.1,33.1,1.0
14.5,52.2,11.3,2.0,69.9,87.4,13.3,65.3,0.8,33.3,1.0
23.4,43.1,11.2,2.8,81.0,81.5,41.8,43.4,2.1,33.5,2.0
22.7,43.6,11.1,2.7,41.1,40.9,35.8,44.6,1.7,33.7,2.0
20.4,52.4,7.8,2.2,109.8,104.8,13.4,60.6,2.5,27.2,2.0
17.6,56.2,7.5,1.8,118.2,110.8,10.6,61.0,0.8,26.2,2.0
16.7,55.6,7.2,1.6,130.5,124.7,11.3,57.8,0.2,27.7,2.0
67.9,25.0,26.6,4.6,11.9,7.6,43.5,44.9,3.2,7.1,0.0
15.3,60.1,14.2,1.4,89.8,83.2,8.9,60.2,0.4,24.7,0.0
15.3,60.9,10.8,1.2,80.9,79.0,7.1,64.9,0.7,23.9,1.0
15.1,60.8,9.3,1.0,79.8,78.5,6.1,68.9,2.2,24.1,1.0
1.8,70.6,1.0,1.3,138.9,131.6,6.5,56.9,1.9,27.6,3.0
1.1,80.2,0.7,1.8,131.2,140.6,4.5,79.0,0.8,18.7,3.0
1.0,80.8,0.7,1.6,113.3,120.0,4.2,80.0,0.2,18.2,3.0
1.0,80.9,0.9,1.6,109.7,116.3,4.2,80.8,0.6,18.1,3.0
67.6,25.9,29.2,5.0,7.9,4.9,54.5,44.1,3.4,6.5,0.0
65.8,26.2,28.6,4.8,6.9,5.3,43.9,39.9,3.0,8.0,0.0
65.5,26.0,28.4,4.5,6.8,5.1,38.0,38.2,2.9,8.5,0.0
1.8,78.7,1.0,1.8,93.9,95.6,6.9,80.1,0.9,19.6,3.0
1.7,78.8,0.8,1.6,99.0,97.1,6.2,81.9,0.2,19.4,3.0
1.6,79.1,1.1,1.6,93.1,97.6,5.9,80.7,0.5,19.3,3.0
8.8,70.7,7.7,2.0,79.5,104.1,9.0,70.3,0.4,20.5,2.0
8.0,73.8,7.4,1.5,108.9,131.7,6.7,72.8,0.1,18.2,2.0
8.4,73.6,8.0,1.4,112.4,136.8,7.0,71.6,0.1,18.1,3.0
27.5,49.6,31.8,2.6,91.3,90.6,20.1,43.7,1.7,22.9,1.0
26.9,49.4,26.8,3.1,76.9,79.2,15.0,39.7,1.9,23.7,0.0
25.9,49.9,25.2,3.5,67.3,65.5,14.8,41.5,1.9,24.2,1.0
56.3,36.6,23.1,4.0,33.9,33.7,21.5,65.4,2.2,7.1,1.0
44.7,44.7,24.4,3.7,28.0,34.8,19.2,64.6,2.4,10.7,1.0
42.3,46.4,23.6,3.6,82.1,77.8,17.0,65.8,2.3,11.2,1.0
6.3,72.4,4.6,2.3,72.3,84.3,18.3,46.3,1.0,21.3,2.0
11.5,70.2,5.2,2.1,70.5,82.1,18.8,46.3,1.0,18.2,1.0
44.0,33.2,15.9,2.1,95.3,71.8,22.1,46.4,1.2,22.7,1.0
32.6,36.3,13.9,2.0,89.9,81.6,21.0,45.9,0.9,31.1,1.0
33.6,35.8,13.0,1.9,89.4,86.3,19.7,45.2,0.6,30.6,1.0
30.2,57.1,18.2,4.6,43.5,29.4,49.8,61.7,3.0,12.8,0.0
30.1,58.5,19.6,4.6,44.9,31.7,43.4,59.5,2.7,11.4,0.0
66.3,25.8,9.3,3.9,45.2,39.1,60.8,65.7,1.3,7.9,0.0
