Country,Year,Agricultural production index (2014-2016=100),"Balance of payments, current account (million US$)",CPI: Consumer Price Index (2010=100),Economy: Agriculture (% of Gross Value Added),Economy: Industry (% of Gross Value Added),Economy: Services and other activity (% of GVA),Employment in agriculture (% of employed),Employment in industry (% of employed),Employment in services (% employed),"GDP growth rate (annual %, const. 2015 prices)",GDP per capita (current US$),GDP: Gross domestic product (million current US$),International trade: balance (million current US$),International trade: exports (million current US$),International trade: imports (million current US$),Unemployment (% of labour force),Labour force participation rate - Female (%),Labour force participation rate - Male (%),Labour force participation rate - Female/Labour force participation rate - Male Ratio
Afghanistan,2015.0,96.0,4193.0,133.0,22.0,,68.3,44.6,20.7,,2.5,554.0,18700.0,7151.0,571.0,7723.0,9.0,19.1,75.3,25.3652058432935
Afghanistan,2020.0,112.0,3137.0,150.0,31.4,,55.0,46.0,18.5,,2.1,512.7,19983.0,7484.0,783.0,8266.0,11.7,16.5,66.7,24.737631184407796
Afghanistan,2024.0,111.0,,,35.5,,47.5,46.6,18.3,,6.2,344.6,14175.0,4337.0,456.0,4793.0,16.3,5.0,69.3,7.2150072150072155
Albania,2015.0,100.0,980.0,111.0,22.5,24.8,52.7,41.3,18.7,,2.2,3950.4,11387.0,2391.0,,,17.2,47.0,64.1,73.32293291731669
Albania,2020.0,106.0,1315.0,121.0,21.9,22.9,55.1,36.2,20.6,,3.5,5289.0,15163.0,2995.0,,,12.8,50.1,64.7,77.43431221020093
Albania,2024.0,105.0,202.0,138.0,21.3,24.5,54.2,34.9,21.4,,4.9,6655.3,18916.0,4601.0,,,10.8,52.3,67.1,77.94336810730253
Algeria,2015.0,100.0,27038.0,127.0,12.1,37.3,50.6,8.8,31.2,,3.7,4197.4,165979.0,17007.0,34796.0,51803.0,11.2,16.2,66.3,24.43438914027149
Algeria,2020.0,112.0,18187.0,155.0,14.3,34.3,51.4,10.0,30.8,,5.1,3354.2,145744.0,15486.0,21925.0,37412.0,14.0,15.4,62.6,24.600638977635782
Algeria,2024.0,111.0,5424.0,199.0,13.3,38.0,48.7,9.7,30.9,,3.1,4273.9,191913.0,12795.0,57360.0,44564.0,12.1,16.9,67.1,25.18628912071535
American Samoa,2015.0,,,,,,,3.0,23.2,73.8,,,,,,,9.2,,,
American Samoa,2020.0,,,,,,,,,,,,,,,,,,,
American Samoa,2024.0,,,,,,,,,,,,,,,,,,,
Andorra,2015.0,,,95.0,0.6,11.2,88.2,,,,1.4,38869.9,2789.0,1204.0,90.0,1294.0,,,,
Andorra,2020.0,,449.0,98.0,0.6,13.6,85.8,,,,11.2,37207.2,2891.0,1328.0,167.0,1495.0,,,,
Andorra,2024.0,,583.0,112.0,0.5,12.4,87.0,,,,9.6,42293.3,3376.0,1742.0,252.0,1995.0,,,,
Angola,2015.0,101.0,10273.0,159.0,9.1,42.1,48.8,56.8,7.8,,0.9,4130.9,116194.0,12376.0,33925.0,21549.0,16.4,73.9,78.6,94.02035623409671
Angola,2020.0,115.0,872.0,379.0,9.9,45.7,44.4,55.2,6.3,,5.6,1640.0,54821.0,12797.0,22135.0,9338.0,16.7,73.0,77.2,94.55958549222797
Angola,2024.0,124.0,4210.0,,13.7,45.1,41.1,56.3,5.7,,3.0,3183.7,113305.0,18278.0,40327.0,22050.0,14.1,72.7,77.6,93.68556701030928
Anguilla,2015.0,,99.0,105.0,2.3,15.3,82.4,,,,3.7,22756.3,331.0,371.0,,,,,,
Anguilla,2020.0,,86.0,107.0,1.0,15.1,83.9,,,,29.9,16582.7,258.0,1373.0,,,,,,
Anguilla,2024.0,,75.0,118.0,0.7,12.3,86.9,,,,24.2,28561.3,453.0,1537.0,,,,,,
Antigua and Barbuda,2015.0,100.0,29.0,110.0,1.8,18.7,79.5,,,,3.8,14861.9,1337.0,439.0,26.0,465.0,,,,
Antigua and Barbuda,2020.0,82.0,224.0,116.0,2.4,22.9,74.7,,,,17.4,15303.3,1418.0,400.0,22.0,422.0,,,,
Antigua and Barbuda,2024.0,90.0,262.0,134.0,2.1,23.0,74.9,,,,9.1,18880.0,1770.0,639.0,30.0,670.0,,,,
Argentina,2015.0,104.0,17622.0,,6.1,27.5,66.3,7.8,22.3,,2.7,14908.6,644903.0,3419.0,56784.0,60203.0,7.6,47.5,71.5,66.43356643356644
Argentina,2020.0,109.0,2688.0,331.0,7.6,26.8,65.6,7.3,20.5,,9.9,8565.2,385741.0,12528.0,54884.0,42356.0,11.5,46.5,65.9,70.56145675265554
Argentina,2024.0,110.0,21494.0,1975.0,7.9,28.8,63.3,7.2,20.0,,5.0,13867.9,631133.0,6925.0,66789.0,73714.0,6.7,50.4,71.1,70.88607594936708
Armenia,2015.0,107.0,281.0,125.0,18.9,28.2,52.9,52.2,15.4,,3.2,3666.1,10553.0,1774.0,1483.0,3257.0,12.3,55.7,69.4,80.2593659942363
Armenia,2020.0,85.0,505.0,131.0,12.4,29.3,58.2,52.4,13.0,,7.2,4505.9,12642.0,2119.0,2332.0,4451.0,12.2,57.7,67.9,84.97790868924889
Armenia,2024.0,84.0,510.0,155.0,11.4,27.7,60.9,52.4,14.0,,12.6,7018.1,19514.0,3651.0,8371.0,12022.0,8.3,55.5,67.6,82.10059171597634
Aruba,2015.0,,118.0,103.0,0.0,13.6,86.4,0.6,14.0,85.1,0.6,28419.2,2963.0,1085.0,80.0,1165.0,10.6,58.8,69.6,84.48275862068965
Aruba,2020.0,,316.0,108.0,0.0,12.9,87.1,,,,24.0,24008.1,2559.0,873.0,66.0,939.0,,,,
Aruba,2024.0,,231.0,118.0,0.0,12.8,87.2,,,,10.5,33300.8,3545.0,1426.0,111.0,1537.0,,,,
Australia,2015.0,100.0,57147.0,112.0,2.6,24.0,73.4,2.6,20.1,,2.8,52321.0,1246299.0,12322.0,187792.0,200114.0,6.1,59.1,71.1,83.12236286919831
Australia,2020.0,84.0,31189.0,121.0,2.5,27.2,70.3,2.8,19.2,,2.1,56001.6,1437563.0,36947.0,247159.0,210213.0,6.5,60.2,70.0,86.0
Australia,2024.0,114.0,21384.0,140.0,2.5,29.1,68.3,2.2,18.6,,3.0,67866.8,1776577.0,81374.0,369235.0,287861.0,3.8,61.3,71.4,85.85434173669466
Austria,2015.0,97.0,6634.0,111.0,1.3,28.2,70.5,4.5,25.8,,1.0,44179.5,381818.0,2652.0,145276.0,147928.0,5.8,55.5,66.1,83.96369137670197
Austria,2020.0,102.0,14913.0,120.0,1.2,28.4,70.4,3.9,24.9,,6.6,48839.3,435049.0,2490.0,162145.0,164636.0,5.2,55.9,66.0,84.69696969696969
Austria,2024.0,100.0,13686.0,144.0,1.5,29.1,69.3,3.5,26.4,,4.8,52608.8,470302.0,2892.0,215347.0,218239.0,5.7,56.8,67.1,84.64977645305515
Azerbaijan,2015.0,101.0,222.0,118.0,6.8,49.3,43.9,36.4,14.1,,1.1,5381.1,53076.0,3432.0,12646.0,9214.0,5.0,61.0,66.1,92.28441754916794
Azerbaijan,2020.0,128.0,316.0,161.0,7.4,46.3,46.2,36.3,14.4,,4.2,4151.0,42693.0,3002.0,13733.0,10731.0,7.2,64.7,70.6,91.643059490085
Azerbaijan,2024.0,134.0,8329.0,213.0,5.1,60.4,34.4,35.6,14.9,,4.6,7600.0,78721.0,16620.0,33899.0,17278.0,5.7,67.2,73.0,92.05479452054794
Bahamas,2015.0,100.0,1203.0,110.0,0.9,13.4,85.7,3.5,11.8,,1.0,29821.4,11711.0,2719.0,443.0,3161.0,12.0,66.7,81.3,82.0418204182042
Bahamas,2020.0,99.0,2284.0,116.0,0.9,12.8,86.3,3.1,11.6,,23.5,23998.2,9755.0,1866.0,339.0,2205.0,12.6,62.1,75.1,82.68974700399468
Bahamas,2024.0,99.0,1763.0,126.0,0.6,9.3,90.0,3.0,11.8,,14.4,31458.4,12897.0,3288.0,302.0,3590.0,9.4,65.2,79.3,82.21941992433797
Bahrain,2015.0,99.0,752.0,111.0,0.3,40.7,59.0,1.1,35.2,,2.5,22795.4,31051.0,2508.0,13882.0,16390.0,1.2,43.0,86.2,49.88399071925754
Bahrain,2020.0,125.0,3245.0,116.0,0.3,41.1,58.6,0.9,34.9,,4.6,23433.5,34622.0,3899.0,11559.0,15458.0,1.8,43.5,86.2,50.46403712296984
Bahrain,2024.0,129.0,2699.0,120.0,0.3,43.5,56.2,0.9,34.8,,4.8,30146.5,44383.0,4110.0,19475.0,15364.0,1.3,44.3,87.1,50.86107921928817
Bangladesh,2015.0,101.0,2580.0,145.0,14.7,31.1,54.3,43.5,20.5,,8.5,1449.6,228785.0,16325.0,31734.0,48059.0,4.4,32.8,80.4,40.796019900497505
Bangladesh,2020.0,116.0,1193.0,190.0,12.4,34.1,53.4,38.1,21.4,,3.4,2230.6,373446.0,15934.0,29924.0,45858.0,5.3,36.6,80.3,45.57907845579079
Bangladesh,2024.0,125.0,4388.0,216.0,11.7,35.2,53.0,36.9,21.9,,7.1,2527.5,432677.0,22829.0,38769.0,61598.0,4.2,36.9,79.9,46.182728410513135
Barbados,2015.0,103.0,99.0,168.0,1.7,15.4,82.9,2.9,19.4,,2.4,17023.7,4734.0,1135.0,483.0,1618.0,9.8,60.8,67.5,90.07407407407408
Barbados,2020.0,89.0,296.0,181.0,2.2,14.7,83.1,2.8,16.6,,12.7,16882.5,4739.0,1156.0,345.0,1501.0,9.7,57.6,64.5,89.30232558139535
Barbados,2024.0,103.0,,113.0,1.7,14.4,84.0,2.7,16.5,,11.3,20238.8,5700.0,1667.0,476.0,2143.0,7.6,58.3,65.5,89.00763358778624
Belarus,2015.0,100.0,1831.0,387.0,7.2,37.7,55.1,10.2,31.6,,3.8,5819.7,56455.0,3631.0,26660.0,30291.0,5.9,59.3,71.2,83.28651685393258
Belarus,2020.0,105.0,178.0,536.0,8.1,35.9,56.1,10.9,30.6,,0.7,6370.5,61372.0,3588.0,29179.0,32767.0,4.0,59.1,71.5,82.65734265734265
Belarus,2024.0,103.0,1020.0,710.0,8.6,37.2,54.1,10.6,30.4,,4.7,7642.8,72874.0,33192.0,26521.0,59713.0,3.4,58.9,71.2,82.72471910112358
Belgium,2015.0,101.0,6363.0,109.0,0.8,22.0,77.3,1.2,21.4,,2.0,41086.2,462150.0,5182.0,253411.0,258593.0,8.5,48.0,58.9,81.49405772495756
Belgium,2020.0,102.0,7325.0,118.0,0.8,21.6,77.7,0.9,20.4,,5.3,45517.8,526264.0,897.0,295144.0,294247.0,5.6,49.3,58.5,84.27350427350427
Belgium,2024.0,100.0,6205.0,138.0,0.7,22.4,76.9,0.9,19.1,,3.0,49986.8,582643.0,21980.0,393158.0,415137.0,5.5,50.8,59.6,85.23489932885904
Belize,2015.0,102.0,175.0,104.0,11.1,17.2,71.7,18.1,15.4,,3.2,6098.6,2195.0,682.0,314.0,996.0,7.6,48.3,79.5,60.75471698113207
Belize,2020.0,95.0,128.0,106.0,9.7,19.3,71.0,17.3,19.2,,13.7,5185.2,2048.0,575.0,212.0,787.0,10.6,47.3,75.4,62.73209549071617
Belize,2024.0,102.0,91.0,122.0,9.2,18.4,72.5,16.8,19.6,,8.7,6984.2,2831.0,1084.0,253.0,1337.0,8.0,50.3,77.2,65.15544041450777
Benin,2015.0,93.0,679.0,110.0,28.7,17.8,53.5,36.0,20.1,,1.8,1040.9,11380.0,1922.0,625.0,2547.0,1.8,62.2,71.5,86.993006993007
Benin,2020.0,122.0,274.0,114.0,29.7,17.8,52.5,29.4,22.1,,3.8,1240.7,15687.0,1808.0,846.0,2654.0,1.6,55.8,68.5,81.45985401459853
Benin,2024.0,129.0,735.0,121.0,29.6,18.7,51.6,28.4,22.3,,6.3,1302.9,17397.0,2853.0,1052.0,3905.0,1.4,56.8,68.8,82.55813953488372
Bermuda,2015.0,,943.0,148.0,0.2,5.4,94.4,1.6,10.3,87.6,0.8,105404.5,6656.0,920.0,9.0,929.0,6.7,72.6,80.0,90.75
Bermuda,2020.0,,854.0,,0.3,5.9,93.9,,,,6.8,107559.6,6887.0,885.0,19.0,904.0,,,,
Bermuda,2024.0,,962.0,,0.3,6.0,93.7,,,,0.5,117568.2,7546.0,896.0,41.0,937.0,,,,
Bhutan,2015.0,96.0,548.0,88.0,14.4,,42.2,58.0,9.7,,8.6,2746.4,2041.0,971.0,,,2.4,55.1,70.1,78.60199714693296
Bhutan,2020.0,113.0,381.0,106.0,16.1,,51.3,49.9,14.9,,10.2,3181.3,2458.0,2009.0,,,5.0,63.1,72.0,87.63888888888889
Bhutan,2024.0,78.0,1000.0,125.0,15.0,,52.4,44.0,15.2,,5.2,3704.3,2898.0,2876.0,,,6.1,64.1,73.4,87.32970027247956
Bolivia (Plurinational State of),2015.0,102.0,1936.0,134.0,12.6,31.0,56.5,29.7,20.9,,4.9,2975.6,33000.0,920.0,8923.0,9843.0,3.1,54.6,79.5,68.67924528301887
Bolivia (Plurinational State of),2020.0,109.0,16.0,150.0,15.5,26.0,58.5,30.0,18.1,,8.7,3068.8,36630.0,82.0,7033.0,7115.0,7.9,59.3,80.1,74.03245942571786
Bolivia (Plurinational State of),2024.0,115.0,1247.0,157.0,14.1,29.7,56.2,27.0,20.6,,3.6,3600.1,44008.0,571.0,10919.0,11489.0,4.1,61.4,83.2,73.79807692307692
Bosnia and Herzegovina,2015.0,99.0,826.0,104.0,7.3,26.3,66.4,17.9,29.5,,4.3,4654.6,16404.0,3895.0,5099.0,8994.0,27.7,35.4,57.8,61.24567474048443
Bosnia and Herzegovina,2020.0,115.0,574.0,104.0,7.0,28.2,64.8,12.2,34.4,,3.0,6095.1,20226.0,3715.0,6153.0,9868.0,15.9,36.0,58.1,61.96213425129088
Bosnia and Herzegovina,2024.0,113.0,760.0,121.0,5.8,29.4,64.8,16.9,33.5,,4.1,7568.8,24474.0,6121.0,9228.0,15349.0,11.6,40.0,59.5,67.22689075630252
Botswana,2015.0,105.0,301.0,133.0,2.0,39.0,59.0,18.6,17.3,,4.9,5869.7,13531.0,1718.0,6330.0,8048.0,18.9,56.0,68.0,82.35294117647058
Botswana,2020.0,97.0,1531.0,153.0,2.3,27.8,69.8,19.4,15.0,,8.7,5863.2,14930.0,2229.0,4376.0,6605.0,21.0,57.0,67.8,84.070796460177
Botswana,2024.0,97.0,606.0,192.0,1.9,39.4,58.8,17.6,15.7,,5.8,7737.7,20352.0,915.0,5503.0,6417.0,23.5,59.8,69.3,86.29148629148628
Brazil,2015.0,102.0,63409.0,138.0,5.0,22.5,72.5,9.3,22.8,,3.5,8783.2,1802212.0,6317.0,186775.0,180457.0,8.5,53.0,75.2,70.47872340425532
Brazil,2020.0,113.0,28208.0,173.0,6.6,22.5,70.9,9.3,20.3,,3.3,6923.7,1476107.0,42844.0,209180.0,166336.0,13.7,50.2,71.0,70.70422535211269
Brazil,2024.0,114.0,30828.0,214.0,7.9,23.9,68.2,8.7,20.5,,2.9,8917.7,1920095.0,86985.0,339696.0,252710.0,7.6,53.4,73.0,73.15068493150685
British Virgin Islands,2015.0,,,,0.1,6.2,93.7,0.5,11.1,87.4,0.5,43647.1,1282.0,429.0,,,,,,
British Virgin Islands,2020.0,,,,0.1,6.9,93.0,,,,3.2,46222.9,1429.0,590.0,,,,,,
British Virgin Islands,2024.0,,,,0.1,6.8,93.1,,,,2.2,46996.7,1471.0,669.0,,,,,,
Brunei Darussalam,2015.0,97.0,2157.0,100.0,1.1,60.2,38.7,1.4,16.7,,0.4,30681.5,12930.0,3124.0,6353.0,3229.0,7.7,56.3,71.1,79.18424753867792
Brunei Darussalam,2020.0,108.0,514.0,101.0,1.2,58.1,40.7,1.3,23.7,,1.1,27179.3,12006.0,1266.0,6608.0,5343.0,7.4,54.6,72.1,75.72815533980584
Brunei Darussalam,2024.0,119.0,3264.0,107.0,1.1,66.9,32.0,1.4,24.2,,1.6,37152.5,16682.0,3756.0,11241.0,7484.0,4.4,55.3,72.3,76.48686030428769
Bulgaria,2015.0,98.0,123.0,107.0,4.7,27.8,67.5,6.9,29.9,,3.4,6945.4,50766.0,3486.0,25779.0,29265.0,9.1,48.6,60.0,81.0
Bulgaria,2020.0,90.0,31.0,116.0,4.0,25.2,70.8,6.6,30.3,,4.0,10059.0,70203.0,3113.0,31915.0,35027.0,5.1,49.2,62.4,78.84615384615385
Bulgaria,2024.0,100.0,248.0,152.0,4.3,28.6,67.0,6.4,30.0,,3.9,13301.9,90213.0,5628.0,47901.0,53529.0,3.9,51.0,63.5,80.31496062992126
Burkina Faso,2015.0,99.0,895.0,108.0,24.9,26.8,48.3,76.9,6.3,,3.9,631.6,11823.0,852.0,2217.0,3069.0,4.5,57.7,73.8,78.18428184281844
Burkina Faso,2020.0,114.0,743.0,110.0,20.6,36.4,43.0,74.8,6.8,,13.0,840.3,18084.0,196.0,4375.0,4179.0,5.1,57.2,72.6,78.7878787878788
Burkina Faso,2024.0,114.0,1404.0,132.0,22.9,33.7,43.4,74.2,7.0,,1.5,845.8,19177.0,1422.0,4459.0,5880.0,4.9,57.3,72.6,78.92561983471074
Burundi,2015.0,96.0,373.0,154.0,37.5,16.4,46.2,86.3,3.5,,0.4,262.0,2811.0,447.0,114.0,561.0,1.5,80.5,78.1,103.0729833546735
Burundi,2020.0,115.0,363.0,195.0,37.3,18.9,44.2,85.3,3.1,,0.3,282.4,3451.0,748.0,161.0,910.0,1.0,78.6,78.6,100.0
Burundi,2024.0,119.0,,320.0,36.5,19.0,44.7,85.1,3.1,,1.8,312.9,4033.0,1010.0,183.0,1193.0,0.8,78.8,78.8,100.0
Cabo Verde,2015.0,101.0,51.0,109.0,7.3,16.6,76.2,15.8,18.8,,0.9,3167.8,1749.0,537.0,67.0,603.0,12.0,50.9,67.6,75.29585798816568
Cabo Verde,2020.0,76.0,286.0,111.0,5.4,19.1,75.6,10.7,21.7,,19.3,3223.7,1878.0,1078.0,53.0,1131.0,14.6,48.0,61.6,77.92207792207793
Cabo Verde,2024.0,75.0,82.0,127.0,4.3,19.4,76.3,10.1,22.0,,17.7,3902.6,2315.0,880.0,49.0,928.0,11.9,51.1,64.6,79.10216718266255
Cambodia,2015.0,98.0,1598.0,117.0,28.2,29.4,42.3,42.5,24.9,,7.0,1170.7,18050.0,2126.0,8542.0,10669.0,0.4,65.0,78.4,82.90816326530611
Cambodia,2020.0,114.0,881.0,134.0,24.2,36.8,39.0,36.9,25.1,,3.1,1577.9,25873.0,1398.0,17716.0,19114.0,0.2,69.1,81.9,84.37118437118436
Cambodia,2024.0,128.0,553.0,148.0,23.7,40.3,36.0,36.6,26.6,,5.3,1759.6,29505.0,1958.0,21182.0,23139.0,0.2,69.1,82.2,84.0632603406326
Cameroon,2015.0,101.0,1174.0,113.0,18.7,27.3,54.0,46.5,14.3,,5.7,1398.6,32186.0,1984.0,4053.0,6037.0,3.5,67.0,77.2,86.78756476683938
Cameroon,2020.0,107.0,1512.0,122.0,19.0,25.0,56.1,43.1,15.1,,0.3,1539.1,40773.0,2458.0,3153.0,5610.0,4.0,66.5,75.9,87.61528326745717
Cameroon,2024.0,109.0,1505.0,142.0,18.3,27.4,54.3,42.2,15.4,,3.5,1588.5,44342.0,4386.0,4528.0,8915.0,3.7,67.2,76.6,87.72845953002611
Canada,2015.0,99.0,54696.0,109.0,2.0,25.8,72.1,1.6,19.9,,0.7,43549.9,1556129.0,10677.0,408697.0,419375.0,7.0,61.2,70.6,86.68555240793202
Canada,2020.0,113.0,33287.0,118.0,2.0,25.3,72.6,1.6,19.3,,5.1,43485.2,1647598.0,17032.0,388173.0,405205.0,9.7,59.5,68.6,86.73469387755102
Canada,2024.0,112.0,13255.0,135.0,2.0,25.3,72.7,1.3,19.2,,3.4,55596.8,2137939.0,8199.0,566655.0,558455.0,6.0,61.4,69.9,87.83977110157367
Cayman Islands,2015.0,,,104.0,0.4,7.4,92.2,0.8,15.5,83.6,2.8,77295.9,4708.0,851.0,65.0,915.0,6.3,80.6,85.6,94.1588785046729
Cayman Islands,2020.0,,827.0,116.0,0.5,8.5,91.0,,,,5.1,83897.5,5647.0,1312.0,22.0,1335.0,,,,
Cayman Islands,2024.0,,821.0,136.0,0.5,8.6,90.9,,,,2.0,91420.0,6281.0,1521.0,8.0,1538.0,,,,
Central African Republic,2015.0,98.0,,133.0,32.5,22.8,44.6,72.9,6.1,,4.3,351.6,1695.0,360.0,97.0,457.0,6.0,63.0,78.8,79.94923857868021
Central African Republic,2020.0,142.0,,154.0,33.4,21.7,44.9,71.3,6.2,,1.0,435.1,2325.0,504.0,41.0,545.0,6.7,62.7,77.1,81.32295719844359
Central African Republic,2024.0,148.0,,175.0,33.4,21.8,44.9,70.8,6.3,,0.5,429.4,2396.0,416.0,127.0,543.0,6.2,63.4,77.9,81.38639281129653
Chad,2015.0,97.0,,117.0,29.8,43.1,27.0,71.3,7.9,,3.9,1018.4,14401.0,1323.0,,,0.9,50.5,72.8,69.36813186813187
Chad,2020.0,120.0,,123.0,34.4,31.3,34.3,69.8,9.4,,2.1,898.2,14950.0,346.0,,,1.7,48.1,70.7,68.03394625176803
Chad,2024.0,129.0,,129.0,29.7,49.0,21.3,69.2,9.6,,3.4,947.9,16799.0,2448.0,,,0.9,48.4,72.1,67.12898751733704
Channel Islands,2015.0,,,,,,,2.7,19.8,,,,,,,,8.0,51.6,67.3,76.67161961367015
Channel Islands,2020.0,,,,,,,2.4,18.4,,,,,,,,6.7,51.0,65.1,78.3410138248848
Channel Islands,2024.0,,,,,,,2.3,18.2,,,,,,,,6.0,50.8,64.8,78.39506172839506
Chile,2015.0,101.0,6631.0,118.0,4.0,32.6,63.4,9.2,23.7,,2.3,13649.5,243919.0,201.0,62118.0,62319.0,6.5,48.4,71.7,67.50348675034867
Chile,2020.0,106.0,4952.0,136.0,4.5,33.1,62.4,7.2,21.9,,6.1,13165.4,254096.0,14880.0,74081.0,59201.0,10.9,45.5,67.6,67.3076923076923
Chile,2024.0,105.0,11899.0,171.0,3.9,35.6,60.4,6.3,22.8,,2.4,15338.2,300686.0,9430.0,94936.0,85505.0,9.3,51.1,70.8,72.17514124293785
China,2015.0,101.0,293022.0,115.0,8.7,41.0,50.3,28.3,29.3,42.4,7.0,7936.7,11061570.0,593904.0,,,4.6,62.7,75.8,82.71767810026385
China,2020.0,105.0,248836.0,112.0,8.0,38.0,54.0,23.6,31.6,44.8,2.2,10307.7,14687744.0,519530.0,,,5.0,60.1,71.8,83.70473537604457
China,2024.0,111.0,252987.0,115.0,7.7,40.1,52.3,22.6,32.2,45.3,3.0,12597.9,17963171.0,822985.0,,,5.0,60.1,71.7,83.82147838214784
"China, Hong Kong SAR",2015.0,97.0,10264.0,123.0,0.1,7.3,92.7,0.2,13.7,,2.4,41809.8,309386.0,48753.0,510553.0,559306.0,3.3,54.7,68.8,79.50581395348838
"China, Hong Kong SAR",2020.0,220.0,24126.0,135.0,0.1,6.4,93.4,0.2,13.5,,6.5,45986.2,344941.0,21546.0,551516.0,573061.0,5.8,54.3,66.3,81.90045248868778
"China, Hong Kong SAR",2024.0,142.0,35366.0,143.0,0.1,6.6,93.3,0.2,14.0,,3.5,48049.8,359839.0,79780.0,575044.0,654824.0,3.9,51.8,63.3,81.83254344391784
"China, Macao SAR",2015.0,87.0,10515.0,131.0,,10.4,89.6,0.5,19.9,,21.5,73220.6,45048.0,9264.0,1339.0,10603.0,1.8,65.9,76.0,86.71052631578948
"China, Macao SAR",2020.0,74.0,3635.0,145.0,,10.1,89.9,0.5,14.2,,54.3,37474.7,25344.0,10926.0,1025.0,11950.0,2.6,62.5,73.2,85.38251366120218
"China, Macao SAR",2024.0,81.0,2782.0,148.0,,10.5,89.5,0.5,14.5,,21.5,34584.9,24042.0,16339.0,1222.0,17561.0,1.1,63.4,73.7,86.02442333785618
Colombia,2015.0,101.0,18702.0,118.0,6.6,31.5,61.9,16.3,19.5,,3.0,6228.4,293482.0,18345.0,35691.0,54036.0,8.6,55.3,79.3,69.73518284993695
Colombia,2020.0,109.0,9267.0,145.0,8.2,26.0,65.8,16.7,19.9,,7.3,5302.0,270036.0,12432.0,31056.0,43487.0,16.0,51.1,76.3,66.97247706422019
Colombia,2024.0,111.0,9715.0,184.0,9.2,29.8,61.0,14.6,20.3,,7.3,6630.3,343939.0,13368.0,49658.0,63026.0,9.2,50.9,75.2,67.68617021276594
Comoros,2015.0,99.0,2.0,104.0,31.7,10.8,57.5,37.9,18.2,,2.0,1322.4,966.0,198.0,16.0,214.0,4.9,32.8,56.2,58.36298932384341
Comoros,2020.0,106.0,22.0,,37.0,8.4,54.6,35.8,15.2,,4.0,1518.1,1224.0,209.0,21.0,230.0,5.8,32.7,54.6,59.89010989010989
Comoros,2024.0,107.0,7.0,,38.0,9.5,52.5,34.6,15.0,,2.6,1489.8,1247.0,333.0,54.0,387.0,5.6,33.1,55.4,59.74729241877257
Congo,2015.0,102.0,4631.0,116.0,6.1,51.2,42.7,32.1,24.4,,0.4,2453.5,12425.0,1927.0,8623.0,10550.0,20.3,66.7,69.3,96.24819624819627
Congo,2020.0,102.0,1441.0,127.0,10.9,34.7,54.4,33.0,22.0,,6.3,2011.3,11469.0,2985.0,4893.0,1908.0,22.7,66.0,68.0,97.05882352941177
Congo,2024.0,106.0,1716.0,139.0,8.9,44.0,47.1,32.3,22.2,,1.7,2570.1,15345.0,983.0,4595.0,3612.0,19.5,66.9,68.8,97.23837209302327
Cook Islands,2015.0,100.0,,109.0,3.2,11.3,85.4,4.3,11.7,84.0,5.7,17076.8,302.0,95.0,,,8.2,65.4,76.6,85.378590078329
Cook Islands,2020.0,87.0,,110.0,3.1,9.7,87.2,,,,25.4,16641.9,283.0,85.0,,,,,,
Cook Islands,2024.0,87.0,,134.0,3.7,4.5,91.9,,,,28.4,17033.1,290.0,42.0,,,,,,
Costa Rica,2015.0,98.0,1921.0,122.0,5.2,21.7,73.1,14.4,18.4,,3.7,11530.0,56442.0,5926.0,9578.0,15504.0,8.4,49.9,75.8,65.8311345646438
Costa Rica,2020.0,100.0,632.0,130.0,4.7,21.9,73.4,16.5,18.1,,4.3,12179.3,62396.0,2833.0,11623.0,14456.0,16.4,48.5,72.8,66.62087912087912
Costa Rica,2024.0,101.0,845.0,144.0,4.4,22.7,72.9,13.4,19.0,,4.3,13198.8,68381.0,6588.0,15331.0,21919.0,8.0,47.8,72.8,65.65934065934066
Croatia,2015.0,97.0,1658.0,107.0,3.6,24.8,71.6,9.2,26.7,,2.5,11835.3,50357.0,7737.0,12844.0,20580.0,16.2,46.9,59.1,79.35702199661591
Croatia,2020.0,108.0,442.0,110.0,3.7,24.8,71.5,6.5,28.2,,8.6,14061.2,57607.0,9105.0,16991.0,26096.0,7.5,44.6,57.9,77.0293609671848
Croatia,2024.0,89.0,957.0,135.0,3.7,23.7,72.6,5.9,28.4,,6.3,17753.3,71552.0,17882.0,24670.0,42553.0,6.2,47.1,57.6,81.77083333333334
Cuba,2015.0,100.0,,,3.9,22.6,73.5,18.7,16.8,,4.4,7690.2,87206.0,7100.0,,,2.4,42.3,70.0,60.42857142857142
Cuba,2020.0,76.0,,,2.8,23.2,74.0,17.8,16.5,,10.9,9499.6,107352.0,4732.0,,,1.4,39.4,66.4,59.33734939759036
Cuba,2024.0,72.0,,,1.8,18.5,79.7,17.1,16.6,,1.8,13128.0,147194.0,5368.0,,,1.1,41.8,71.2,58.70786516853932
Curaçao,2015.0,,519.0,108.0,0.2,18.7,81.1,,,,0.5,18038.2,3059.0,,,,13.0,,,
Curaçao,2020.0,,689.0,118.0,0.3,13.7,86.0,,,,18.0,13388.7,2534.0,,,,,,,
Curaçao,2024.0,,877.0,136.0,0.3,13.2,86.5,,,,7.9,16086.7,3075.0,,,,,,,
Cyprus,2015.0,103.0,84.0,102.0,2.1,11.6,86.2,4.0,16.2,,3.4,23476.8,19901.0,3780.0,3359.0,7139.0,15.0,57.6,67.2,85.71428571428571
Cyprus,2020.0,106.0,2523.0,102.0,2.1,14.6,83.3,2.7,19.5,,3.4,28820.4,25227.0,5591.0,3137.0,8729.0,7.8,56.5,69.1,81.76555716353113
Cyprus,2024.0,108.0,3886.0,117.0,1.8,13.8,84.4,2.4,17.2,,5.1,32999.4,29211.0,8934.0,5067.0,14001.0,6.4,60.2,71.0,84.7887323943662
Czechia,2015.0,97.0,845.0,108.0,2.5,37.5,60.0,2.9,38.0,,5.4,17867.4,188033.0,16478.0,157194.0,140716.0,5.0,51.2,68.0,75.29411764705883
Czechia,2020.0,97.0,4967.0,120.0,2.2,33.7,64.1,2.6,37.2,,5.5,23357.3,245975.0,20867.0,192307.0,171440.0,2.6,51.8,68.1,76.06461086637299
Czechia,2024.0,98.0,1281.0,159.0,2.1,32.6,65.3,2.5,36.4,,2.4,27685.1,290528.0,24414.0,253328.0,228913.0,2.6,52.6,68.9,76.34252539912917
Côte d’Ivoire,2015.0,104.0,201.0,111.0,19.8,21.7,58.4,43.5,12.1,,14.9,1940.1,45780.0,2154.0,12560.0,10406.0,2.5,54.7,74.6,73.32439678284183
Côte d’Ivoire,2020.0,125.0,1974.0,114.0,20.3,23.0,56.7,46.2,10.5,,1.7,2349.1,62983.0,1927.0,12454.0,10527.0,2.6,55.7,72.2,77.14681440443213
Côte d’Ivoire,2024.0,132.0,5394.0,131.0,17.8,24.2,58.0,45.6,10.5,,6.7,2486.4,70019.0,10754.0,8930.0,19683.0,2.4,56.5,72.2,78.25484764542936
Democratic People's Republic of Korea,2015.0,99.0,,,21.6,46.2,32.2,46.4,13.2,,1.1,653.8,16283.0,629.0,,,2.9,69.2,79.6,86.93467336683418
Democratic People's Republic of Korea,2020.0,95.0,,,22.4,43.8,33.8,45.5,12.8,,4.5,621.4,15847.0,839.0,,,3.1,68.1,78.3,86.97318007662835
Democratic People's Republic of Korea,2024.0,93.0,,,23.1,43.5,33.4,44.6,13.0,,0.2,590.5,15176.0,2175.0,,,3.0,69.4,79.5,87.29559748427673
Democratic Republic of the Congo,2015.0,99.0,1484.0,130.0,19.7,44.8,35.5,59.2,9.3,,6.9,482.1,37918.0,617.0,8685.0,8068.0,4.4,62.5,69.7,89.67001434720228
Democratic Republic of the Congo,2020.0,113.0,1052.0,134.0,21.6,40.7,37.7,56.9,10.0,,1.7,487.9,45308.0,7292.0,14230.0,6938.0,5.5,62.0,68.8,90.11627906976744
Democratic Republic of the Congo,2024.0,123.0,587.0,,17.9,49.8,32.3,56.1,10.2,,8.5,631.8,62552.0,1446.0,14971.0,13525.0,4.5,62.6,68.9,90.85631349782292
Denmark,2015.0,101.0,24953.0,107.0,1.1,23.0,75.9,2.5,19.4,,2.3,53308.2,302673.0,9291.0,94619.0,85327.0,6.3,56.7,66.0,85.9090909090909
Denmark,2020.0,103.0,28731.0,111.0,1.6,22.7,75.7,2.1,18.9,,2.4,60896.8,354763.0,11093.0,106871.0,95778.0,5.6,57.8,66.4,87.04819277108432
Denmark,2024.0,104.0,44195.0,126.0,1.3,22.3,76.4,2.1,19.1,,2.7,68029.5,400167.0,9677.0,136074.0,126397.0,4.9,59.8,68.1,87.81204111600587
Djibouti,2015.0,84.0,714.0,112.0,1.3,12.1,86.6,1.4,5.4,,7.7,2430.3,2445.0,773.0,,,26.1,18.0,47.3,38.05496828752643
Djibouti,2020.0,140.0,366.0,122.0,1.4,12.0,86.6,1.2,5.8,,1.2,3140.3,3423.0,953.0,,,27.8,17.9,45.3,39.51434878587197
Djibouti,2024.0,133.0,656.0,132.0,1.4,12.0,86.6,1.2,6.0,,3.7,3571.8,4003.0,1377.0,,,26.0,18.5,46.1,40.130151843817785
Dominica,2015.0,100.0,38.0,102.0,16.5,14.7,68.8,,,,2.4,7724.0,541.0,191.0,10.0,201.0,,,,
Dominica,2020.0,100.0,189.0,105.0,17.8,14.3,67.9,,,,16.1,7036.8,507.0,167.0,13.0,180.0,,,,
Dominica,2024.0,101.0,222.0,118.0,19.5,14.2,66.3,,,,5.9,8414.5,612.0,128.0,63.0,191.0,,,,
Dominican Republic,2015.0,100.0,1280.0,122.0,5.9,30.6,63.5,9.7,18.4,,6.9,6838.0,71155.0,9298.0,9389.0,18687.0,7.6,48.0,75.9,63.24110671936758
Dominican Republic,2020.0,112.0,1337.0,141.0,6.5,32.4,61.2,9.0,19.5,,6.7,7167.9,78845.0,8664.0,9844.0,18508.0,6.1,47.3,73.5,64.35374149659864
Dominican Republic,2024.0,128.0,4376.0,174.0,6.2,35.4,58.4,7.7,20.3,,4.9,10111.2,113537.0,17461.0,10036.0,27497.0,5.5,51.5,75.8,67.94195250659631
Ecuador,2015.0,104.0,2221.0,121.0,10.2,34.4,55.4,26.2,19.7,,0.1,6130.6,99290.0,3057.0,18331.0,21387.0,3.6,51.9,79.7,65.11919698870766
Ecuador,2020.0,95.0,2208.0,124.0,10.5,32.7,56.8,31.8,15.9,,7.8,5645.2,99291.0,2437.0,20355.0,17918.0,6.1,48.3,72.1,66.99029126213593
Ecuador,2024.0,98.0,2291.0,131.0,9.4,33.5,57.1,31.5,17.3,,2.9,6391.3,115049.0,2829.0,33737.0,30909.0,3.5,53.6,78.1,68.62996158770808
Egypt,2015.0,101.0,17243.0,157.0,11.3,36.2,52.5,25.8,25.1,,4.4,3251.5,317745.0,52139.0,21859.0,73998.0,13.0,22.8,70.8,32.20338983050848
Egypt,2020.0,104.0,14236.0,303.0,12.1,33.6,54.3,20.4,28.5,,3.6,3457.2,371530.0,41114.0,29323.0,70437.0,8.0,14.6,68.4,21.34502923976608
Egypt,2024.0,109.0,10537.0,486.0,11.5,34.4,54.1,18.7,28.4,,6.6,3687.8,409307.0,41107.0,42052.0,83159.0,6.3,16.5,71.3,23.141654978962134
El Salvador,2015.0,96.0,754.0,108.0,6.1,27.8,66.1,18.1,22.2,,2.4,3761.5,23438.0,4784.0,5509.0,10293.0,4.0,45.0,74.5,60.40268456375839
El Salvador,2020.0,98.0,277.0,111.0,5.9,26.2,67.9,15.8,23.4,,7.9,3961.7,24930.0,5082.0,4805.0,9888.0,5.0,43.2,72.2,59.83379501385042
El Salvador,2024.0,103.0,466.0,128.0,5.3,28.1,66.6,15.0,23.4,,2.6,5127.3,32489.0,9176.0,6475.0,15651.0,2.7,46.0,76.4,60.209424083769626
Equatorial Guinea,2015.0,103.0,,119.0,1.9,59.0,39.1,54.9,14.3,,9.1,9781.6,13176.0,4734.0,,,8.2,51.1,59.8,85.45150501672242
Equatorial Guinea,2020.0,104.0,,130.0,2.9,45.5,51.6,56.1,13.0,,4.2,6327.6,10099.0,1921.0,,,9.0,48.7,56.4,86.34751773049646
Equatorial Guinea,2024.0,104.0,,136.0,2.6,52.8,44.7,55.5,13.1,,3.2,7025.7,11767.0,3576.0,,,8.5,51.7,59.5,86.89075630252101
Eritrea,2015.0,99.0,,,17.2,,51.6,66.5,8.7,,20.6,602.8,2013.0,32.0,,,6.0,71.5,86.3,82.8505214368482
Eritrea,2020.0,105.0,,,17.3,,51.4,64.7,8.8,,0.5,594.0,2112.0,879.0,,,6.5,70.2,84.4,83.17535545023696
Eritrea,2024.0,106.0,,,17.3,,51.4,64.0,9.0,,2.6,646.9,2383.0,18.0,,,5.8,71.4,85.6,83.41121495327104
Estonia,2015.0,111.0,403.0,111.0,3.3,27.5,69.2,3.9,30.7,,1.9,17405.0,22882.0,1824.0,,,6.2,55.8,69.2,80.635838150289
Estonia,2020.0,108.0,660.0,122.0,2.3,25.9,71.9,3.0,29.1,,0.6,23596.6,31370.0,863.0,,,6.8,57.4,70.3,81.65007112375532
Estonia,2024.0,106.0,849.0,166.0,2.8,27.1,70.0,2.6,28.6,,1.3,28693.3,38049.0,3329.0,,,7.3,60.7,71.4,85.0140056022409
Eswatini,2015.0,100.0,533.0,135.0,9.8,37.6,52.6,13.4,24.7,,2.2,3579.8,4059.0,312.0,1820.0,1508.0,23.3,46.8,56.1,83.42245989304811
Eswatini,2020.0,104.0,271.0,167.0,8.7,33.6,57.8,13.6,23.9,,1.6,3372.9,3982.0,147.0,1752.0,1605.0,24.8,46.7,54.1,86.32162661737523
Eswatini,2024.0,106.0,141.0,,8.8,34.8,56.4,13.4,24.0,,1.6,3600.6,4327.0,101.0,2222.0,2323.0,22.0,47.4,54.6,86.8131868131868
Ethiopia,2015.0,101.0,7567.0,205.0,38.8,17.5,43.7,69.0,7.8,,10.4,615.6,63079.0,15662.0,2024.0,17686.0,2.4,74.3,87.6,84.81735159817352
Ethiopia,2020.0,120.0,2719.0,384.0,37.2,24.2,38.6,64.6,6.5,,6.1,824.5,96622.0,11557.0,2533.0,14090.0,3.9,73.9,85.7,86.23103850641775
Ethiopia,2024.0,116.0,4788.0,849.0,38.8,23.4,37.7,62.8,6.5,,5.3,964.3,118972.0,13453.0,3085.0,16538.0,3.3,74.8,85.9,87.07799767171129
Falkland Islands (Malvinas),2015.0,,,,,,,,,,,,,83.0,,,1.2,77.2,86.0,89.76744186046513
Falkland Islands (Malvinas),2020.0,,,,,,,,,,,,,146.0,,,,,,
Falkland Islands (Malvinas),2024.0,,,,,,,,,,,,,149.0,,,,,,
Faroe Islands,2015.0,100.0,194.0,,,,,,,,,,,140.0,,,4.0,79.4,86.0,92.32558139534885
Faroe Islands,2020.0,101.0,,,,,,,,,,,,85.0,,,,,,
Faroe Islands,2024.0,107.0,,,,,,,,,,,,440.0,,,,,,
Fiji,2015.0,109.0,163.0,116.0,10.0,19.3,70.6,30.4,14.5,,4.7,5105.1,4682.0,1286.0,981.0,2268.0,4.3,39.9,76.4,52.22513089005235
Fiji,2020.0,114.0,614.0,129.0,16.9,20.3,62.8,29.7,14.0,,17.0,4815.7,4432.0,904.0,826.0,1731.0,4.7,37.2,74.0,50.27027027027028
Fiji,2024.0,139.0,866.0,138.0,15.3,18.4,66.3,28.8,14.2,,20.0,5356.2,4980.0,1894.0,1193.0,3088.0,4.2,39.2,77.4,50.64599483204134
Finland,2015.0,100.0,2209.0,109.0,2.6,27.0,70.4,4.2,21.7,,0.5,42785.2,234440.0,492.0,59682.0,60174.0,9.4,55.6,62.4,89.1025641025641
Finland,2020.0,98.0,1734.0,113.0,2.8,27.8,69.4,3.7,21.9,,2.4,49170.4,271886.0,2660.0,65607.0,68267.0,7.8,55.2,62.9,87.758346581876
Finland,2024.0,98.0,4364.0,131.0,2.6,29.4,68.0,3.8,21.4,,1.6,50988.1,282512.0,284.0,82442.0,82725.0,7.3,57.6,63.8,90.28213166144201
France,2015.0,102.0,9130.0,106.0,1.8,19.8,78.5,2.7,20.4,,1.1,36930.5,2438208.0,69457.0,493941.0,563398.0,10.4,51.6,60.9,84.72906403940887
France,2020.0,94.0,41381.0,111.0,1.8,18.8,79.4,2.4,20.0,,7.5,39631.7,2647419.0,92818.0,487987.0,580806.0,8.0,50.6,58.8,86.05442176870748
France,2024.0,94.0,22792.0,124.0,2.1,18.8,79.1,2.6,19.3,,2.5,41426.0,2775317.0,136931.0,640201.0,777132.0,7.0,52.5,60.1,87.35440931780366
French Guiana,2015.0,,,105.0,,,,,14.9,58.3,,,,,,,21.3,48.4,58.8,82.31292517006803
French Guiana,2020.0,,,108.0,,,,,,,,,,,,,,,,
French Guiana,2024.0,,,118.0,,,,,,,,,,,,,,,,
French Polynesia,2015.0,102.0,291.0,122.0,3.6,12.0,84.4,2.5,15.1,,1.7,18245.2,5324.0,1397.0,130.0,1527.0,11.5,49.2,63.3,77.72511848341233
French Polynesia,2020.0,103.0,412.0,,3.0,11.7,85.3,2.2,14.8,,7.1,19185.7,5793.0,1634.0,81.0,1714.0,12.8,49.1,62.3,78.81219903691814
French Polynesia,2024.0,103.0,,,2.8,11.8,85.4,2.1,14.6,,4.5,18984.9,5815.0,1986.0,171.0,2157.0,11.6,49.1,62.4,78.68589743589745
Gabon,2015.0,100.0,141.0,109.0,4.7,51.9,43.4,32.0,13.7,,3.9,7085.1,14372.0,4533.0,10654.0,6121.0,19.8,39.8,56.3,70.69271758436945
Gabon,2020.0,103.0,,124.0,7.0,44.1,49.8,30.2,15.8,,1.8,6680.1,15315.0,3861.0,7345.0,3484.0,21.4,37.1,53.9,68.83116883116884
Gabon,2024.0,106.0,,136.0,6.2,55.5,38.3,29.3,16.2,,2.8,8427.1,20132.0,4595.0,9669.0,5075.0,20.2,39.9,57.6,69.27083333333333
Gambia,2015.0,108.0,54.0,131.0,24.3,18.8,56.9,51.8,6.6,,4.1,611.7,1378.0,308.0,83.0,391.0,7.3,53.3,67.5,78.96296296296296
Gambia,2020.0,64.0,87.0,183.0,23.1,18.3,58.6,48.5,7.2,,0.6,704.0,1812.0,527.0,26.0,553.0,4.8,55.6,65.2,85.2760736196319
Gambia,2024.0,72.0,90.0,256.0,23.4,18.1,58.5,47.5,7.5,,4.9,824.7,2232.0,703.0,56.0,759.0,4.1,56.4,65.5,86.10687022900763
Georgia,2015.0,102.0,1767.0,115.0,8.8,21.5,69.7,44.0,11.0,,3.0,3965.3,14954.0,5100.0,2204.0,7304.0,16.5,59.0,80.3,73.47447073474471
Georgia,2020.0,116.0,1984.0,141.0,8.3,24.2,67.5,41.1,13.4,,6.8,4207.9,15846.0,4708.0,3341.0,8049.0,11.7,55.1,73.2,75.27322404371584
Georgia,2024.0,114.0,1326.0,177.0,7.0,24.6,68.4,39.9,13.8,,10.1,6571.3,24605.0,9500.0,6091.0,15591.0,12.0,54.3,72.3,75.10373443983403
Germany,2015.0,99.0,288065.0,107.0,0.8,30.1,69.1,1.4,27.7,,1.5,40893.2,3356236.0,270964.0,1328500.0,1057536.0,4.6,54.7,65.9,83.00455235204855
Germany,2020.0,95.0,255319.0,106.0,0.8,29.5,69.7,1.2,27.4,,3.8,46655.2,3887727.0,212685.0,1385852.0,1173167.0,3.9,55.6,65.9,84.37025796661608
Germany,2024.0,93.0,262723.0,117.0,1.0,29.7,69.3,1.2,26.9,,1.8,48901.7,4076924.0,228021.0,1697350.0,1469329.0,3.2,56.0,66.6,84.08408408408408
Ghana,2015.0,100.0,2824.0,183.0,21.8,34.0,44.2,35.2,18.7,,2.1,1733.0,50034.0,932.0,,,6.8,65.1,73.5,88.57142857142857
Ghana,2020.0,123.0,2134.0,306.0,20.1,31.8,48.1,40.5,18.6,,0.5,2176.6,70043.0,6016.0,,,3.4,64.7,72.1,89.7364771151179
Ghana,2024.0,136.0,1517.0,610.0,20.9,34.2,44.9,39.7,18.9,,3.1,2203.6,73766.0,480.0,,,3.6,65.0,72.2,90.02770083102493
Gibraltar,2015.0,,,142.0,,,,,,,,,,9202.0,,,,,,
Gibraltar,2020.0,,,,,,,,,,,,,7507.0,,,,,,
Gibraltar,2024.0,,,,,,,,,,,,,10693.0,,,,,,
Greece,2015.0,104.0,1611.0,101.0,4.4,16.4,79.2,12.5,15.0,,0.2,18100.4,195605.0,18975.0,28289.0,47264.0,25.0,44.5,58.7,75.80919931856899
Greece,2020.0,103.0,12413.0,101.0,4.7,16.7,78.6,10.3,15.0,,9.3,17929.6,188480.0,20463.0,35070.0,55534.0,15.9,43.3,57.3,75.5671902268761
Greece,2024.0,95.0,15056.0,116.0,4.3,19.1,76.6,11.2,15.6,,5.6,20923.1,217286.0,33555.0,55052.0,88606.0,9.7,44.7,59.2,75.50675675675676
Greenland,2015.0,,,,17.6,17.6,64.9,4.6,12.6,82.5,2.5,44710.9,2499.0,261.0,406.0,667.0,9.7,,,
Greenland,2020.0,,,,18.1,19.1,62.8,,,,0.2,55026.0,3083.0,106.0,933.0,827.0,,,,
Greenland,2024.0,,,,18.5,17.9,63.6,,,,1.4,51820.9,2926.0,132.0,1073.0,1205.0,,,,
Grenada,2015.0,103.0,106.0,104.0,8.6,14.2,77.2,,,,6.4,8379.6,997.0,318.0,33.0,351.0,,,,
Grenada,2020.0,90.0,168.0,107.0,5.8,15.4,78.8,,,,13.8,8437.5,1043.0,370.0,25.0,395.0,,,,
Grenada,2024.0,87.0,184.0,114.0,6.1,17.6,76.3,,,,3.7,9509.2,1193.0,563.0,46.0,609.0,,,,
Guadeloupe,2015.0,,,106.0,,,,3.3,13.5,65.5,,,,,,,26.1,49.6,56.5,87.78761061946902
Guadeloupe,2020.0,,,110.0,,,,,,,,,,,,,,,,
Guadeloupe,2024.0,,,121.0,,,,,,,,,,,,,,,,
Guam,2015.0,,,106.0,,,,0.3,14.4,,,,,,,,6.9,56.5,68.6,82.36151603498543
Guam,2020.0,,,123.0,,,,0.2,13.7,,,,,,,,6.2,55.5,67.9,81.73784977908689
Guam,2024.0,,,149.0,,,,0.2,13.4,,,,,,,,5.5,56.0,68.4,81.87134502923976
Guatemala,2015.0,101.0,774.0,122.0,10.6,24.1,65.3,31.9,18.9,,4.1,3886.4,62186.0,6960.0,10677.0,17637.0,2.5,38.5,83.7,45.997610513739545
Guatemala,2020.0,103.0,3918.0,148.0,10.5,23.7,65.8,30.5,20.3,,1.8,4476.0,77715.0,6539.0,11658.0,18198.0,2.9,36.9,79.3,46.53215636822195
Guatemala,2024.0,105.0,3281.0,175.0,9.9,24.1,66.0,27.1,22.0,,4.1,5324.1,95003.0,16017.0,14261.0,30278.0,3.1,40.9,81.2,50.36945812807881
Guinea,2015.0,100.0,1020.0,186.0,20.1,28.6,51.3,63.5,6.1,,3.8,756.4,8794.0,565.0,1574.0,2139.0,5.4,47.2,64.9,72.72727272727273
Guinea,2020.0,130.0,2685.0,291.0,28.2,30.5,41.3,61.2,7.0,,4.7,1066.9,14089.0,86.0,4085.0,3999.0,6.1,41.8,63.6,65.72327044025157
Guinea,2024.0,143.0,3350.0,390.0,29.4,31.0,39.6,60.3,7.2,,4.7,1504.1,20846.0,1389.0,4023.0,5412.0,5.3,42.3,63.7,66.40502354788069
Guinea-Bissau,2015.0,101.0,21.0,109.0,49.0,12.8,38.2,55.2,10.1,,6.1,585.5,1047.0,174.0,327.0,153.0,3.2,48.8,64.1,76.13104524180967
Guinea-Bissau,2020.0,116.0,39.0,114.0,32.6,14.2,53.2,51.2,10.4,,1.5,692.8,1397.0,330.0,505.0,175.0,3.7,48.4,62.9,76.94753577106518
Guinea-Bissau,2024.0,122.0,147.0,128.0,32.3,14.0,53.7,50.3,10.6,,4.2,747.8,1574.0,208.0,465.0,257.0,3.1,48.8,63.4,76.97160883280758
Guyana,2015.0,111.0,39.0,109.0,27.0,26.2,46.8,18.8,22.7,,0.7,5668.4,4280.0,315.0,1169.0,1484.0,13.3,40.9,69.2,59.104046242774565
Guyana,2020.0,113.0,397.0,117.0,17.8,41.0,41.2,12.1,23.6,,43.5,6863.1,5471.0,2870.0,5197.0,2326.0,15.7,38.9,61.2,63.56209150326797
Guyana,2024.0,112.0,254.0,134.0,10.3,69.8,19.8,11.9,25.4,,63.3,18199.5,14718.0,5582.0,10812.0,5230.0,9.4,40.0,62.8,63.69426751592358
Haiti,2015.0,99.0,271.0,139.0,18.0,27.2,54.8,47.5,12.1,,1.4,1344.6,14204.0,905.0,,,13.7,62.0,70.0,88.57142857142857
Haiti,2020.0,74.0,52.0,151.0,20.9,23.9,55.2,46.3,12.1,,3.3,1463.5,16548.0,1481.0,,,15.6,61.5,69.1,89.0014471780029
Haiti,2024.0,78.0,492.0,323.0,20.7,30.0,49.3,45.5,12.3,,1.7,1618.6,18751.0,1296.0,,,14.7,61.2,70.1,87.30385164051356
Honduras,2015.0,100.0,980.0,129.0,12.6,26.5,60.8,28.7,21.8,,3.8,2257.2,20980.0,4179.0,4201.0,8381.0,6.2,46.5,81.5,57.05521472392638
Honduras,2020.0,107.0,666.0,156.0,12.6,26.9,60.5,25.2,23.1,,9.0,2354.1,23828.0,3305.0,4666.0,7972.0,10.7,47.5,73.0,65.06849315068493
Honduras,2024.0,107.0,1335.0,189.0,13.2,27.6,59.2,24.2,23.4,,4.0,3040.2,31718.0,8491.0,6124.0,14615.0,6.7,50.0,75.6,66.13756613756614
Hungary,2015.0,95.0,2926.0,111.0,4.5,31.3,64.2,4.9,30.3,,3.7,12715.5,125174.0,9536.0,100297.0,90761.0,6.8,47.0,63.0,74.60317460317461
Hungary,2020.0,93.0,1643.0,126.0,4.0,28.9,67.1,4.8,31.9,,4.5,16124.9,157227.0,6548.0,119971.0,113423.0,4.2,48.2,66.2,72.80966767371602
Hungary,2024.0,74.0,624.0,177.0,3.8,28.9,67.3,4.4,31.4,,4.6,17791.9,177337.0,9178.0,158075.0,148898.0,4.1,53.3,69.1,77.13458755426917
Iceland,2015.0,100.0,986.0,118.0,5.9,22.4,71.7,4.2,17.8,,4.4,52912.5,17517.0,563.0,4722.0,5285.0,4.0,73.2,81.1,90.25893958076449
Iceland,2020.0,103.0,201.0,133.0,5.2,22.4,72.5,4.0,17.9,,7.2,58815.4,21566.0,1116.0,4580.0,5697.0,5.5,69.1,77.7,88.93178893178893
Iceland,2024.0,102.0,325.0,163.0,4.5,23.8,71.7,4.1,18.0,,7.2,75260.4,28065.0,2846.0,6628.0,9474.0,3.0,69.9,77.9,89.73042362002568
India,2015.0,98.0,22457.0,123.0,17.7,30.0,52.3,44.3,25.0,,8.0,1622.8,2146759.0,126364.0,264381.0,390745.0,7.9,27.0,77.1,35.01945525291829
India,2020.0,119.0,32730.0,153.0,20.3,27.3,52.5,44.7,23.7,,5.8,1916.5,2676119.0,92492.0,275489.0,367980.0,7.9,25.9,73.6,35.190217391304344
India,2024.0,126.0,32336.0,182.0,18.4,28.2,53.3,42.9,26.1,,7.2,2445.4,3465541.0,248788.0,423013.0,671801.0,4.7,31.1,76.8,40.49479166666667
Indonesia,2015.0,101.0,17519.0,132.0,13.9,41.4,44.7,33.0,22.0,,4.9,3322.6,860854.0,7671.0,150366.0,142695.0,4.5,50.7,82.4,61.529126213592235
Indonesia,2020.0,115.0,4433.0,154.0,14.2,39.7,46.1,29.6,21.5,,2.1,3895.6,1059055.0,21623.0,163192.0,141569.0,4.2,53.2,81.6,65.19607843137256
Indonesia,2024.0,121.0,1880.0,169.0,13.0,43.3,43.7,29.3,21.9,,5.3,4788.0,1319100.0,20746.0,238400.0,217654.0,3.2,53.3,81.9,65.07936507936508
Iran (Islamic Republic of),2015.0,99.0,,92.0,10.4,33.0,56.6,17.1,32.8,,1.4,5100.9,417210.0,20003.0,60041.0,40037.0,11.2,14.3,67.9,21.06038291605302
Iran (Islamic Republic of),2020.0,87.0,,229.0,13.9,30.3,55.8,16.7,33.6,,3.3,3748.2,327181.0,4395.0,34409.0,38805.0,9.7,13.8,67.7,20.38404726735598
Iran (Islamic Republic of),2024.0,84.0,,476.0,14.1,32.9,53.1,15.1,34.2,,3.8,4495.1,398048.0,39318.0,15003.0,54320.0,8.7,14.7,70.2,20.940170940170937
Iraq,2015.0,81.0,2762.0,119.0,4.2,,50.9,9.5,26.9,,4.7,4416.9,166774.0,18547.0,49403.0,30855.0,10.8,14.2,73.0,19.452054794520546
Iraq,2020.0,148.0,6306.0,120.0,6.0,,54.4,8.7,27.4,,12.8,4251.3,180924.0,22224.0,58949.0,36725.0,15.7,10.8,68.8,15.697674418604654
Iraq,2024.0,106.0,58010.0,134.0,2.8,,34.7,8.4,27.5,,7.0,5937.2,264182.0,52012.0,106239.0,54227.0,15.5,11.5,72.4,15.883977900552484
Ireland,2015.0,101.0,12912.0,105.0,1.0,41.2,57.8,5.3,18.1,,24.5,62636.5,292247.0,46931.0,124717.0,77787.0,9.9,54.9,69.1,79.45007235890014
Ireland,2020.0,116.0,26440.0,106.0,1.0,39.7,59.4,4.5,18.8,,6.6,86655.6,428609.0,85744.0,185185.0,99442.0,5.6,55.1,67.4,81.75074183976261
Ireland,2024.0,121.0,53997.0,125.0,1.2,43.6,55.3,4.0,19.2,,9.4,105993.3,532416.0,62258.0,212870.0,150611.0,4.8,59.9,70.9,84.48519040902679
Isle of Man,2015.0,,,161.0,,,,,,,,,,,,,2.6,57.5,69.3,82.97258297258297
Isle of Man,2020.0,,,,,,,,,,,,,,,,,,,
Isle of Man,2024.0,,,,,,,,,,,,,,,,,,,
Israel,2015.0,99.0,16138.0,107.0,1.6,22.1,76.3,1.0,17.6,,2.3,37803.8,302724.0,1994.0,64062.0,62068.0,5.2,60.1,71.2,84.41011235955057
Israel,2020.0,102.0,19806.0,107.0,1.4,19.9,78.7,0.9,15.8,,1.5,47014.7,411731.0,19107.0,50153.0,69261.0,4.2,59.4,67.5,88.0
Israel,2024.0,106.0,25089.0,119.0,1.3,19.7,79.0,0.8,15.7,,6.5,58086.4,525002.0,23247.0,59916.0,83163.0,3.8,61.1,69.1,88.42257597684517
Italy,2015.0,103.0,26369.0,107.0,2.3,23.2,74.5,3.8,26.6,,0.8,30480.0,1835899.0,46055.0,456989.0,410933.0,11.9,39.8,58.9,67.57215619694396
Italy,2020.0,100.0,75097.0,110.0,2.2,23.8,73.9,4.0,26.4,,9.0,31889.8,1897462.0,72328.0,498804.0,426476.0,9.2,39.8,57.8,68.85813148788927
Italy,2024.0,97.0,11552.0,129.0,2.2,25.7,72.2,3.8,26.9,,3.7,34672.1,2046953.0,37166.0,677095.0,639929.0,7.9,41.0,58.7,69.84667802385009
Jamaica,2015.0,98.0,430.0,141.0,7.2,22.0,70.7,17.7,14.9,,0.9,5080.7,14198.0,3730.0,1263.0,4993.0,8.8,58.8,72.9,80.65843621399176
Jamaica,2020.0,101.0,157.0,171.0,9.8,23.0,67.3,15.9,15.8,,9.9,4897.3,13812.0,3515.0,1251.0,4765.0,6.5,57.8,72.6,79.61432506887053
Jamaica,2024.0,113.0,130.0,213.0,9.4,23.1,67.5,15.3,17.2,,4.2,6047.2,17098.0,5755.0,2240.0,7995.0,5.3,61.0,76.2,80.0524934383202
Japan,2015.0,100.0,136472.0,104.0,1.0,28.8,70.2,3.5,25.1,,1.6,34930.4,4444931.0,695.0,624874.0,625568.0,3.4,49.4,70.3,70.27027027027027
Japan,2020.0,100.0,150029.0,105.0,1.0,29.1,69.8,3.1,24.0,,4.3,40311.4,5048790.0,5880.0,641283.0,635402.0,2.8,53.1,71.4,74.36974789915965
Japan,2024.0,100.0,150691.0,111.0,1.0,29.0,70.0,3.1,23.6,,1.0,34143.7,4232174.0,33804.0,717946.0,751750.0,2.8,55.2,72.1,76.56033287101249
Jordan,2015.0,101.0,3470.0,116.0,4.9,28.1,67.0,3.4,21.1,,2.5,4064.3,38587.0,12642.0,7833.0,20475.0,13.1,13.6,59.2,22.972972972972972
Jordan,2020.0,102.0,2505.0,101.0,5.1,26.2,68.7,3.3,17.6,,1.6,3987.7,43580.0,9064.0,7943.0,17007.0,19.2,14.9,62.7,23.763955342902708
Jordan,2024.0,110.0,4159.0,109.0,5.2,27.1,67.7,3.2,18.2,,2.5,4204.6,47452.0,12507.0,13145.0,25652.0,19.0,14.3,62.7,22.807017543859647
Kazakhstan,2015.0,99.0,9980.0,138.0,5.0,32.5,62.5,18.0,20.6,,1.2,10338.0,184388.0,15387.0,45954.0,30567.0,4.9,65.4,76.2,85.8267716535433
Kazakhstan,2020.0,118.0,10960.0,202.0,5.7,35.0,59.3,13.5,21.2,,2.5,9014.2,171082.0,8586.0,47514.0,38928.0,4.9,63.7,75.5,84.37086092715232
Kazakhstan,2024.0,127.0,8658.0,288.0,5.6,37.7,56.7,12.9,21.5,,3.2,11624.7,225496.0,17575.0,78736.0,61161.0,4.6,63.0,74.3,84.79138627187079
Kenya,2015.0,102.0,4421.0,150.0,20.6,20.0,59.4,36.4,13.9,,5.0,1496.7,70121.0,10151.0,5907.0,16058.0,2.8,71.4,77.3,92.3673997412678
Kenya,2020.0,126.0,4792.0,200.0,24.1,18.5,57.4,33.6,15.3,,0.3,1936.3,100658.0,9385.0,6022.0,15407.0,5.6,71.3,75.2,94.81382978723404
Kenya,2024.0,112.0,5766.0,246.0,22.5,18.8,58.6,32.6,15.6,,4.8,2099.3,113420.0,11893.0,7672.0,19565.0,5.6,72.3,75.3,96.01593625498009
Kiribati,2015.0,91.0,56.0,100.0,22.2,15.7,62.1,22.1,16.1,61.8,9.9,1459.1,170.0,101.0,10.0,111.0,30.6,52.3,66.8,78.2934131736527
Kiribati,2020.0,94.0,71.0,103.0,25.4,9.5,65.1,,,,1.4,1404.8,178.0,100.0,9.0,109.0,,,,
Kiribati,2024.0,97.0,6.0,105.0,24.5,10.1,65.5,,,,1.2,1704.4,224.0,203.0,7.0,210.0,,,,
Kuwait,2015.0,95.0,8584.0,118.0,0.5,48.7,50.9,2.2,24.9,,0.6,29314.9,114585.0,23164.0,54121.0,30957.0,2.2,49.6,87.3,56.815578465063
Kuwait,2020.0,106.0,22030.0,129.0,0.4,39.5,60.1,2.0,24.9,,8.9,24297.7,105949.0,11822.0,40166.0,28344.0,3.5,46.1,83.2,55.40865384615385
Kuwait,2024.0,131.0,51396.0,144.0,0.4,46.3,53.3,1.9,25.2,,8.9,41079.5,175363.0,40388.0,82668.0,42280.0,2.1,47.5,85.8,55.36130536130537
Kyrgyzstan,2015.0,102.0,1052.0,146.0,15.4,27.5,57.1,30.4,22.4,,3.9,1129.0,6678.0,2627.0,1441.0,4068.0,3.3,54.8,76.4,71.72774869109946
Kyrgyzstan,2020.0,110.0,374.0,166.0,14.7,31.5,53.8,25.1,23.7,,8.4,1211.1,7781.0,1523.0,1864.0,3387.0,4.6,53.2,77.2,68.9119170984456
Kyrgyzstan,2024.0,113.0,5180.0,234.0,13.7,27.2,59.0,24.6,24.6,,7.0,1648.5,10931.0,6770.0,5292.0,12062.0,4.1,53.4,78.9,67.680608365019
Lao People's Democratic Republic,2015.0,104.0,2268.0,126.0,19.7,31.0,49.4,63.9,9.4,,7.3,2120.2,14390.0,793.0,2985.0,3778.0,2.5,56.3,64.0,87.96875
Lao People's Democratic Republic,2020.0,107.0,231.0,143.0,18.4,37.2,44.4,66.4,8.1,,3.3,2611.7,19116.0,73.0,5087.0,5014.0,3.9,55.3,62.5,88.47999999999999
Lao People's Democratic Republic,2024.0,118.0,11.0,239.0,22.3,31.3,46.4,69.6,7.2,,4.4,2040.3,15363.0,114.0,9619.0,9733.0,3.8,55.9,63.2,88.44936708860759
Latvia,2015.0,107.0,171.0,108.0,4.0,21.7,74.3,7.9,23.6,,3.9,13681.1,27252.0,2446.0,11650.0,14096.0,9.9,54.1,67.4,80.26706231454006
Latvia,2020.0,111.0,1017.0,117.0,4.6,22.5,72.9,7.2,23.6,,3.5,18128.6,34391.0,2119.0,15197.0,17315.0,8.1,56.0,68.5,81.75182481751825
Latvia,2024.0,104.0,1752.0,155.0,5.7,24.4,69.9,6.8,23.7,,3.4,22087.6,40876.0,4649.0,20329.0,24979.0,6.6,55.9,68.5,81.60583941605839
Lebanon,2015.0,99.0,8542.0,115.0,3.5,16.9,79.5,3.9,22.1,,0.5,7802.8,49929.0,15646.0,2953.0,18600.0,9.2,26.1,68.7,37.99126637554585
Lebanon,2020.0,100.0,2779.0,240.0,8.3,16.4,75.4,3.7,20.5,,25.9,6888.5,39009.0,7547.0,3807.0,11355.0,13.3,26.4,64.0,41.25
Lebanon,2024.0,104.0,5643.0,5337.0,4.5,13.6,81.9,3.5,20.4,,0.0,7159.4,39303.0,9317.0,2170.0,11487.0,11.5,27.5,65.3,42.11332312404288
Lesotho,2015.0,101.0,135.0,127.0,4.2,37.9,57.9,30.8,33.8,,3.1,1113.8,2360.0,815.0,606.0,1421.0,16.2,57.3,73.1,78.38577291381668
Lesotho,2020.0,92.0,116.0,164.0,6.0,35.2,58.8,30.2,34.4,,7.5,910.2,2052.0,443.0,837.0,1281.0,18.5,56.9,71.5,79.58041958041959
Lesotho,2024.0,99.0,118.0,200.0,7.1,34.7,58.2,29.4,35.0,,1.1,992.0,2287.0,942.0,825.0,1767.0,16.1,57.4,72.8,78.84615384615384
Liberia,2015.0,98.0,171.0,148.0,69.5,10.5,20.0,42.1,8.9,,9.3,578.7,2669.0,1426.0,,,2.6,71.9,82.3,87.36330498177401
Liberia,2020.0,107.0,275.0,223.0,75.6,7.9,16.4,40.2,8.2,,2.9,487.6,2481.0,653.0,,,4.1,71.5,80.6,88.70967741935485
Liberia,2024.0,114.0,65.0,,74.0,8.6,17.5,39.3,8.3,,4.8,615.8,3265.0,1920.0,,,2.8,72.6,81.5,89.079754601227
Libya,2015.0,101.0,9346.0,142.0,3.9,31.2,64.9,10.0,22.3,,0.8,7867.5,48718.0,13084.0,,,19.7,33.9,61.1,55.48281505728314
Libya,2020.0,105.0,4780.0,253.0,3.6,42.4,54.0,9.6,22.5,,29.5,7039.7,46842.0,3056.0,,,19.7,33.0,58.8,56.122448979591844
Libya,2024.0,106.0,5675.0,272.0,3.7,43.8,52.5,9.2,22.8,,18.5,5950.5,40537.0,13197.0,,,18.1,35.0,61.6,56.81818181818181
Liechtenstein,2015.0,,,,0.1,43.1,56.8,,,,0.0,167809.2,6269.0,,,,2.6,53.5,70.6,75.77903682719548
Liechtenstein,2020.0,,,,0.2,41.7,58.1,,,,0.7,165287.2,6406.0,,,,,,,
Liechtenstein,2024.0,,,,0.2,43.2,56.6,,,,2.8,197267.7,7758.0,,,,,,,
Lithuania,2015.0,106.0,1014.0,108.0,3.8,29.7,66.5,9.1,25.1,,2.0,13975.1,41419.0,2765.0,25411.0,28176.0,9.1,54.2,64.8,83.64197530864197
Lithuania,2020.0,108.0,4161.0,120.0,3.9,27.8,68.3,5.7,25.4,,0.0,20198.4,56965.0,523.0,32790.0,33314.0,8.5,57.1,68.4,83.47953216374269
Lithuania,2024.0,100.0,1506.0,164.0,4.4,28.3,67.3,5.5,25.7,,2.4,25773.3,70878.0,5793.0,42626.0,48418.0,6.4,57.1,68.3,83.60175695461201
Luxembourg,2015.0,102.0,2861.0,109.0,0.2,12.6,87.1,1.0,12.5,,2.3,105455.9,60047.0,6671.0,12626.0,19296.0,6.7,54.6,65.4,83.4862385321101
Luxembourg,2020.0,114.0,6357.0,116.0,0.2,12.4,87.4,0.8,10.4,,0.9,116909.1,73699.0,7377.0,13506.0,20883.0,6.8,57.0,64.6,88.23529411764707
Luxembourg,2024.0,115.0,5826.0,131.0,0.3,11.4,88.3,1.1,9.1,,1.4,125897.2,81531.0,8871.0,16344.0,25215.0,5.4,57.4,67.0,85.67164179104478
Madagascar,2015.0,99.0,256.0,140.0,27.0,19.9,53.2,74.6,9.2,,3.1,455.6,11323.0,796.0,2164.0,2961.0,1.8,83.3,89.0,93.59550561797752
Madagascar,2020.0,102.0,624.0,130.0,26.7,20.7,52.7,71.7,9.5,,7.1,462.6,13056.0,1201.0,2019.0,3220.0,2.2,82.1,87.2,94.15137614678898
Madagascar,2024.0,106.0,829.0,163.0,23.5,23.6,50.4,70.1,9.9,,3.8,505.0,14955.0,1534.0,3283.0,4817.0,1.8,82.6,87.8,94.07744874715262
Malawi,2015.0,99.0,1064.0,251.0,26.5,18.4,55.1,65.0,7.5,,8.5,485.0,8216.0,1198.0,1072.0,2270.0,4.9,65.2,74.4,87.63440860215054
Malawi,2020.0,135.0,1639.0,454.0,26.5,20.2,53.3,62.9,7.9,,0.8,607.4,11769.0,1907.0,771.0,2678.0,5.7,63.2,73.9,85.52097428958051
Malawi,2024.0,143.0,2276.0,774.0,29.4,18.0,52.5,62.1,8.1,,0.9,615.5,12559.0,2175.0,966.0,3141.0,5.0,63.7,74.5,85.503355704698
Malaysia,2015.0,103.0,9068.0,113.0,8.4,38.9,52.7,12.5,27.5,,5.1,9699.6,301355.0,24036.0,200211.0,176175.0,3.1,50.7,78.1,64.9167733674776
Malaysia,2020.0,102.0,14138.0,120.0,8.3,36.4,55.4,10.5,27.8,,5.5,10160.8,337339.0,43646.0,234050.0,190405.0,4.5,51.7,78.3,66.02809706257983
Malaysia,2024.0,98.0,12271.0,130.0,9.0,39.6,51.4,10.0,28.1,,8.7,11971.9,406306.0,46968.0,312605.0,265638.0,3.6,51.5,77.7,66.28056628056628
Maldives,2015.0,100.0,302.0,132.0,6.2,12.1,81.7,8.3,23.4,,4.0,9480.4,4130.0,1753.0,,,6.6,40.0,69.9,57.22460658082975
Maldives,2020.0,107.0,1327.0,135.0,8.3,13.8,77.9,8.0,24.9,,32.9,7216.8,3713.0,1675.0,,,5.5,39.3,73.7,53.32428765264585
Maldives,2024.0,94.0,1033.0,143.0,5.6,11.6,82.8,7.3,25.2,,13.9,11780.8,6171.0,3327.0,,,4.3,42.5,78.2,54.347826086956516
Mali,2015.0,97.0,698.0,110.0,39.8,19.3,40.9,62.3,8.3,,7.5,723.0,13095.0,1544.0,,,1.4,61.2,79.7,76.78795483061481
Mali,2020.0,127.0,380.0,109.0,38.4,23.3,38.2,68.1,9.3,,0.7,822.9,17465.0,1985.0,,,3.5,50.6,80.9,62.54635352286774
Mali,2024.0,132.0,1475.0,127.0,38.6,21.9,39.4,68.0,10.1,,7.2,833.3,18827.0,4177.0,,,3.2,52.0,82.2,63.26034063260341
Malta,2015.0,99.0,301.0,108.0,1.0,12.9,79.7,1.5,20.0,,9.6,24282.8,11087.0,2873.0,3915.0,6788.0,5.4,42.8,67.8,63.12684365781711
Malta,2020.0,78.0,349.0,114.0,0.8,14.0,84.3,1.1,18.3,,8.1,29596.2,15253.0,2904.0,2832.0,5736.0,4.4,52.0,70.6,73.65439093484419
Malta,2024.0,76.0,1020.0,129.0,1.0,12.6,85.4,0.8,17.2,,6.9,33942.3,18101.0,4924.0,3467.0,8391.0,2.4,56.9,74.1,76.78812415654521
Marshall Islands,2015.0,90.0,7.0,,12.6,11.4,76.0,11.0,9.4,79.6,2.1,3703.6,183.0,1270.0,,,4.7,,,
Marshall Islands,2020.0,90.0,90.0,,19.8,13.1,67.0,,,,1.8,5568.0,242.0,12910.0,,,,,,
Marshall Islands,2024.0,91.0,76.0,,19.0,12.5,68.5,,,,1.5,6727.8,280.0,18344.0,,,,,,
Martinique,2015.0,,,106.0,,,,3.9,11.8,69.0,,,,,,,22.8,52.6,53.8,97.76951672862454
Martinique,2020.0,,,109.0,,,,,,,,,,,,,,,,
Martinique,2024.0,,,120.0,,,,,,,,,,,,,,,,
Mauritania,2015.0,100.0,956.0,,23.0,25.3,51.7,33.4,17.5,,5.4,1562.7,6167.0,1872.0,1832.0,3703.0,10.1,26.7,59.0,45.25423728813559
Mauritania,2020.0,108.0,576.0,113.0,21.2,35.0,43.9,34.0,14.4,,0.9,1868.5,8405.0,85.0,2829.0,2744.0,11.2,26.0,56.5,46.017699115044245
Mauritania,2024.0,117.0,1424.0,135.0,20.3,33.6,46.1,33.0,14.7,,7.1,2322.0,10997.0,2014.0,3331.0,5345.0,10.5,26.4,57.2,46.15384615384615
Mauritius,2015.0,100.0,417.0,120.0,3.5,21.9,74.6,7.5,25.3,,3.7,9285.3,12007.0,1977.0,2481.0,4458.0,7.4,45.8,73.9,61.97564276048714
Mauritius,2020.0,80.0,1003.0,133.0,3.6,19.0,77.5,5.3,23.4,,14.6,8784.7,11401.0,2680.0,1544.0,4224.0,8.6,42.6,68.1,62.555066079295166
Mauritius,2024.0,84.0,654.0,164.0,3.9,21.0,75.1,5.1,21.5,,8.7,9925.8,12898.0,4427.0,1854.0,6282.0,4.2,43.0,68.0,63.23529411764706
Mexico,2015.0,98.0,31536.0,119.0,3.3,32.8,64.0,14.0,24.0,,2.7,10098.2,1213294.0,14698.0,380556.0,395254.0,4.3,43.8,78.7,55.6543837357052
Mexico,2020.0,113.0,26905.0,146.0,4.0,33.1,63.0,13.2,24.1,,8.6,8895.6,1120832.0,34002.0,416982.0,382980.0,4.4,41.5,72.6,57.16253443526171
Mexico,2024.0,117.0,5716.0,176.0,4.1,35.1,60.8,12.6,25.0,,3.9,11476.7,1463324.0,5478.0,592997.0,598475.0,3.0,46.2,77.1,59.922178988326856
Micronesia (Federated States of),2015.0,99.0,22.0,113.0,27.8,6.5,65.7,,,,4.6,2891.3,316.0,164.0,,,,,,
Micronesia (Federated States of),2020.0,119.0,,117.0,23.5,5.2,71.3,,,,1.8,3639.4,408.0,398.0,,,,,,
Micronesia (Federated States of),2024.0,122.0,,127.0,23.9,5.2,71.0,,,,0.6,3741.1,427.0,504.0,,,,,,
Monaco,2015.0,,,,,17.6,82.4,,,,4.9,170270.2,6259.0,,,,,,,
Monaco,2020.0,,,,,14.9,85.1,,,,13.0,182537.3,6740.0,,,,,,,
Monaco,2024.0,,,,,12.3,87.7,,,,11.1,240535.0,8772.0,,,,,,,
Mongolia,2015.0,110.0,948.0,164.0,15.3,34.3,50.3,28.5,20.3,,1.2,3919.4,11620.0,873.0,4669.0,3797.0,4.9,53.9,66.0,81.66666666666667
Mongolia,2020.0,167.0,675.0,100.0,14.3,40.9,44.7,25.1,20.4,,4.6,4041.2,13313.0,2278.0,7576.0,5299.0,6.6,53.5,68.6,77.98833819241983
Mongolia,2024.0,156.0,121.0,136.0,14.6,39.5,45.9,26.3,22.1,,5.0,5045.5,17146.0,4022.0,16586.0,12563.0,5.1,53.1,68.0,78.08823529411765
Montenegro,2015.0,98.0,443.0,111.0,9.7,17.4,72.9,7.7,17.5,,3.4,6393.2,4053.0,1697.0,353.0,2050.0,17.6,47.7,60.2,79.2358803986711
Montenegro,2020.0,103.0,1237.0,116.0,9.1,20.9,70.0,7.5,18.4,,15.3,7599.9,4781.0,1984.0,410.0,2394.0,17.9,46.5,60.7,76.60626029654037
Montenegro,2024.0,101.0,842.0,146.0,7.5,16.1,76.4,7.2,18.5,,6.4,9934.6,6230.0,3415.0,688.0,4103.0,13.9,49.3,63.9,77.15179968701095
Montserrat,2015.0,,0.0,108.0,1.4,12.4,86.3,,,,1.2,12133.1,61.0,26.0,3.0,30.0,5.6,,,
Montserrat,2020.0,,6.0,107.0,0.9,14.5,84.6,,,,13.6,14855.1,67.0,25.0,6.0,31.0,,,,
Montserrat,2024.0,,7.0,112.0,0.7,15.2,84.2,,,,2.5,16460.8,72.0,42.0,6.0,48.0,,,,
Morocco,2015.0,108.0,2161.0,106.0,13.2,28.6,58.2,36.2,22.4,,4.3,3183.7,110414.0,15793.0,22337.0,38130.0,9.5,24.4,70.6,34.56090651558073
Morocco,2020.0,100.0,1368.0,102.0,11.9,29.0,59.2,32.1,23.5,,6.4,3307.7,121354.0,16824.0,27703.0,44526.0,11.7,20.8,68.5,30.364963503649633
Morocco,2024.0,106.0,4775.0,118.0,11.4,28.2,60.3,30.8,24.0,,3.7,3494.9,130913.0,27558.0,43968.0,71526.0,9.7,20.0,67.9,29.45508100147275
Mozambique,2015.0,95.0,5948.0,126.0,26.5,21.0,52.5,72.1,7.7,,7.4,603.8,16209.0,4677.0,3231.0,7908.0,3.4,78.1,80.1,97.50312109862672
Mozambique,2020.0,136.0,3775.0,188.0,30.2,24.4,45.4,70.8,8.8,,1.2,456.6,14235.0,2794.0,3720.0,6514.0,4.1,77.6,78.6,98.72773536895674
Mozambique,2024.0,157.0,2426.0,100.0,29.7,25.3,45.0,70.1,9.1,,4.4,558.3,18407.0,1816.0,8276.0,10092.0,3.7,78.3,79.6,98.36683417085428
Myanmar,2015.0,101.0,3109.0,129.0,26.8,34.5,38.8,51.7,16.8,,7.0,1214.8,62543.0,5481.0,11432.0,16913.0,0.8,50.8,79.0,64.30379746835443
Myanmar,2020.0,79.0,68.0,168.0,21.8,37.9,40.4,46.5,18.6,,1.4,1496.9,79970.0,1019.0,16950.0,17969.0,1.5,44.7,76.0,58.81578947368421
Myanmar,2024.0,77.0,,,22.4,38.4,39.2,45.5,18.8,,3.5,1203.6,65212.0,1687.0,14753.0,16440.0,2.9,41.8,70.0,59.71428571428571
Namibia,2015.0,100.0,1559.0,129.0,7.2,29.9,62.9,24.5,17.0,,4.3,4965.7,11335.0,3069.0,4628.0,7697.0,20.8,56.4,65.4,86.23853211009174
Namibia,2020.0,96.0,316.0,161.0,9.8,27.5,62.7,22.1,16.3,,8.1,4252.0,10584.0,1170.0,3868.0,5038.0,21.1,54.2,61.5,88.13008130081302
Namibia,2024.0,100.0,1848.0,188.0,9.3,30.4,60.3,21.6,16.6,,4.6,4911.3,12607.0,1751.0,5488.0,7239.0,19.4,56.0,63.7,87.91208791208791
Nauru,2015.0,100.0,17.0,100.0,2.4,40.7,56.9,,,,36.5,9329.7,104.0,,,,23.0,49.3,78.9,62.484157160963235
Nauru,2020.0,100.0,8.0,,2.4,36.4,61.2,,,,1.0,11015.1,136.0,,,,,,,
Nauru,2024.0,100.0,,,2.4,36.5,61.1,,,,1.5,11679.2,148.0,,,,,,,
Nepal,2015.0,97.0,2447.0,104.0,29.4,14.6,56.0,64.9,15.6,,4.0,857.2,23667.0,5952.0,,,10.7,26.2,55.3,47.377938517179025
Nepal,2020.0,120.0,84.0,135.0,25.2,13.7,61.2,62.2,17.1,,2.4,1119.6,32859.0,8890.0,,,13.1,28.1,53.4,52.621722846441955
Nepal,2024.0,123.0,939.0,162.0,24.7,14.1,61.2,61.4,17.5,,5.6,1290.0,39407.0,10787.0,,,10.9,28.8,53.9,53.432282003710576
Netherlands (Kingdom of the),2015.0,101.0,40162.0,109.0,1.9,20.2,77.9,2.3,16.4,,2.0,44907.0,765265.0,52053.0,464697.0,412644.0,6.9,58.8,70.1,83.88017118402283
Netherlands (Kingdom of the),2020.0,102.0,46849.0,117.0,1.8,20.0,78.2,2.1,16.0,,3.9,52183.3,909793.0,67264.0,551353.0,484089.0,3.8,59.9,69.3,86.43578643578643
Netherlands (Kingdom of the),2024.0,101.0,112952.0,138.0,1.7,21.7,76.6,1.9,14.0,,4.3,57391.6,1008027.0,77673.0,741804.0,664131.0,3.5,61.3,70.6,86.8271954674221
New Caledonia,2015.0,111.0,1119.0,106.0,2.1,24.0,73.9,1.6,25.6,,0.8,30861.1,8735.0,1291.0,1239.0,2529.0,13.6,57.8,67.7,85.37666174298374
New Caledonia,2020.0,102.0,654.0,110.0,2.2,23.0,74.9,1.9,22.0,,2.4,33011.6,9455.0,642.0,1709.0,2352.0,13.6,53.2,62.0,85.80645161290323
New Caledonia,2024.0,95.0,,116.0,2.1,22.9,75.0,1.8,22.4,,3.5,33189.6,9623.0,1155.0,1731.0,2885.0,10.8,52.7,61.4,85.83061889250814
New Zealand,2015.0,101.0,4663.0,108.0,4.9,23.1,72.0,6.1,22.0,,4.2,38789.0,178064.0,2171.0,34357.0,36528.0,5.4,63.4,74.5,85.1006711409396
New Zealand,2020.0,103.0,2401.0,116.0,6.2,21.5,72.3,6.0,20.4,,0.0,41967.1,212401.0,1744.0,38290.0,36546.0,4.6,65.2,75.5,86.35761589403974
New Zealand,2024.0,100.0,16982.0,137.0,6.2,21.4,72.3,6.0,20.8,,2.9,47412.1,245845.0,8298.0,42170.0,50469.0,4.1,66.8,76.5,87.3202614379085
Nicaragua,2015.0,97.0,1260.0,137.0,17.8,28.5,53.7,30.9,17.8,,4.8,2025.3,12757.0,1199.0,4667.0,5866.0,4.7,48.3,82.9,58.262967430639314
Nicaragua,2020.0,124.0,470.0,169.0,17.4,28.2,54.4,28.5,18.0,,1.8,1876.6,12678.0,1458.0,5087.0,6545.0,6.3,47.5,82.1,57.85627283800244
Nicaragua,2024.0,128.0,1381.0,212.0,18.8,29.2,52.0,27.7,18.2,,3.8,2255.4,15672.0,3533.0,7378.0,10912.0,4.6,49.6,82.7,59.97581620314389
Niger,2015.0,101.0,1486.0,107.0,34.7,24.1,41.2,73.1,7.1,,4.8,480.7,9677.0,1669.0,790.0,2458.0,0.6,62.1,84.7,73.31759149940969
Niger,2020.0,128.0,1816.0,102.0,40.5,21.4,38.1,71.4,7.3,,3.6,564.8,13744.0,1782.0,1246.0,3028.0,0.7,61.5,83.7,73.47670250896057
Niger,2024.0,133.0,2500.0,117.0,39.5,21.8,38.8,70.9,7.4,,11.9,588.2,15415.0,1999.0,519.0,2518.0,0.5,62.3,84.4,73.81516587677724
Nigeria,2015.0,98.0,15439.0,159.0,20.9,20.4,58.8,38.0,12.5,,2.7,2688.0,494583.0,14602.0,48433.0,33831.0,4.1,54.9,64.1,85.64742589703589
Nigeria,2020.0,113.0,15986.0,303.0,24.4,28.6,47.0,38.8,14.2,,1.8,2063.6,429898.0,20555.0,34900.0,55455.0,5.6,51.5,65.0,79.23076923076923
Nigeria,2024.0,120.0,806.0,525.0,24.1,31.2,44.7,38.0,14.6,,3.3,2173.8,475059.0,81.0,65129.0,65048.0,3.5,52.3,65.9,79.36267071320181
Niue,2015.0,97.0,,,,,,,,,,,,,,,,,,
Niue,2020.0,99.0,,,,,,,,,,,,,,,,,,
Niue,2024.0,99.0,,,,,,,,,,,,,,,,,,
North Macedonia,2015.0,102.0,172.0,110.0,11.1,27.4,61.5,17.7,30.6,,3.9,4774.5,10065.0,1897.0,4530.0,6427.0,26.4,43.4,67.5,64.29629629629629
North Macedonia,2020.0,103.0,360.0,115.0,9.8,25.9,64.4,11.6,31.0,,4.7,5855.3,12361.0,2076.0,6633.0,8709.0,16.6,43.7,65.4,66.81957186544342
North Macedonia,2024.0,101.0,99.0,148.0,8.6,25.7,65.7,9.7,30.4,,2.2,6549.2,13711.0,3058.0,8995.0,12052.0,12.3,43.2,63.6,67.9245283018868
Northern Mariana Islands,2015.0,,,,,,,,,,,,,2530.0,,,11.2,66.6,77.6,85.82474226804123
Northern Mariana Islands,2020.0,,,,,,,,,,,,,4241.0,,,,,,
Northern Mariana Islands,2024.0,,,,,,,,,,,,,5153.0,,,,,,
Norway,2015.0,100.0,31106.0,109.0,1.7,35.5,62.9,2.0,20.1,,1.9,74784.8,388160.0,27386.0,103785.0,76399.0,4.3,61.4,68.4,89.76608187134502
Norway,2020.0,101.0,4212.0,122.0,2.1,30.4,67.5,2.1,19.5,,1.3,68335.4,367633.0,1125.0,82749.0,81624.0,4.4,60.2,66.9,89.98505231689087
Norway,2024.0,103.0,86368.0,141.0,1.7,52.7,45.6,2.2,19.3,,3.3,106622.8,579422.0,80229.0,176897.0,96667.0,3.4,61.9,68.0,91.02941176470588
Oman,2015.0,100.0,10833.0,109.0,1.6,50.6,47.8,5.3,37.3,,5.0,18777.5,78711.0,6679.0,35686.0,29007.0,3.4,29.8,87.4,34.09610983981693
Oman,2020.0,141.0,12514.0,113.0,2.4,45.1,52.6,5.2,46.8,,3.4,16707.6,75909.0,4972.0,33479.0,28507.0,2.9,29.6,85.3,34.7010550996483
Oman,2024.0,170.0,5652.0,119.0,2.1,47.8,50.1,6.1,46.9,,4.3,25056.7,114667.0,6165.0,47022.0,53186.0,1.5,32.6,89.0,36.62921348314607
Pakistan,2015.0,99.0,2803.0,145.0,24.5,20.1,55.5,41.0,24.0,,6.0,1407.9,297019.0,21901.0,22089.0,43990.0,3.6,24.0,78.9,30.418250950570343
Pakistan,2020.0,112.0,651.0,200.0,23.2,19.8,57.0,38.0,24.8,,1.3,1292.9,293752.0,23538.0,22237.0,45775.0,6.2,23.7,79.6,29.773869346733665
Pakistan,2024.0,116.0,350.0,343.0,23.8,21.2,55.1,36.4,25.5,,6.2,1385.8,326797.0,19991.0,27830.0,47822.0,5.8,24.4,80.9,30.160692212608154
Palau,2015.0,,24.0,118.0,3.5,9.2,87.3,,,,8.8,15760.2,280.0,144.0,6.0,150.0,,,,
Palau,2020.0,,116.0,121.0,3.8,14.2,82.0,,,,9.1,14013.8,252.0,194.0,3.0,197.0,,,,
Palau,2024.0,,135.0,158.0,3.7,12.0,84.3,,,,2.6,12498.5,226.0,395.0,1.0,397.0,,,,
Panama,2015.0,100.0,4848.0,120.0,3.0,27.8,69.2,14.7,18.7,,6.1,14029.8,55517.0,10460.0,,,4.4,50.0,77.5,64.51612903225806
Panama,2020.0,109.0,385.0,120.0,3.0,23.9,73.1,14.1,18.5,,17.7,13293.3,57087.0,6058.0,,,14.2,49.5,73.2,67.62295081967213
Panama,2024.0,117.0,3739.0,127.0,2.7,27.0,70.3,15.3,16.7,,10.8,17357.6,76523.0,11154.0,,,7.5,50.8,76.1,66.75427069645204
Papua New Guinea,2015.0,100.0,1892.0,128.0,18.3,36.4,45.3,21.7,9.4,,6.6,2502.1,21723.0,877.0,6577.0,5700.0,2.5,46.9,48.4,96.900826446281
Papua New Guinea,2020.0,100.0,3419.0,164.0,19.6,34.5,45.9,19.3,11.0,,3.2,2446.1,23848.0,6279.0,10367.0,4088.0,3.1,46.2,47.7,96.85534591194968
Papua New Guinea,2024.0,102.0,4499.0,184.0,17.6,41.9,40.5,18.5,11.5,,5.2,3116.5,31610.0,4689.0,11043.0,6354.0,2.7,45.9,47.7,96.22641509433961
Paraguay,2015.0,99.0,48.0,125.0,10.2,37.3,52.5,21.8,19.5,,3.0,5861.4,36211.0,1964.0,8328.0,10291.0,4.6,54.8,81.1,67.57090012330457
Paraguay,2020.0,117.0,669.0,146.0,11.5,36.7,51.7,21.3,19.1,,0.8,5353.3,35432.0,1698.0,8518.0,10216.0,7.6,57.1,83.2,68.6298076923077
Paraguay,2024.0,86.0,110.0,176.0,11.8,36.2,52.0,17.4,18.7,,0.1,6153.1,41722.0,4214.0,11891.0,16105.0,5.8,59.8,81.7,73.19461444308445
Peru,2015.0,99.0,8747.0,118.0,7.7,33.2,59.1,27.0,17.4,,3.3,6180.1,189803.0,4359.0,33667.0,38026.0,3.3,67.7,84.4,80.2132701421801
Peru,2020.0,118.0,1890.0,133.0,8.3,32.8,58.9,33.7,15.9,,10.9,6063.6,201948.0,2693.0,38757.0,36064.0,7.2,59.9,78.3,76.50063856960408
Peru,2024.0,128.0,2219.0,160.0,8.6,37.2,54.2,25.7,17.5,,2.7,7125.8,242632.0,6436.0,59409.0,52973.0,3.5,65.5,78.7,83.2274459974587
Philippines,2015.0,101.0,7266.0,107.0,11.0,30.5,58.5,29.2,16.2,,6.3,2974.3,306446.0,11505.0,58648.0,70153.0,3.1,48.5,74.2,65.36388140161725
Philippines,2020.0,101.0,11578.0,123.0,10.2,28.4,61.4,24.8,18.3,,9.5,3224.4,361751.0,29852.0,65214.0,95067.0,2.5,42.5,66.8,63.622754491017965
Philippines,2024.0,100.0,11206.0,122.0,9.5,29.2,61.2,23.7,18.9,,7.6,3498.5,404284.0,60828.0,72923.0,133752.0,2.2,47.3,73.2,64.6174863387978
Poland,2015.0,97.0,6170.0,108.0,2.8,35.1,62.1,11.5,30.5,,4.4,12375.4,477111.0,4765.0,194461.0,189696.0,7.5,49.1,65.1,75.42242703533027
Poland,2020.0,112.0,14764.0,118.0,2.9,32.2,64.9,9.6,31.7,,2.0,15599.0,599443.0,491.0,254169.0,254660.0,3.2,48.7,65.8,74.01215805471125
Poland,2024.0,112.0,12689.0,132.0,3.2,31.5,65.3,8.3,30.8,,5.3,17264.8,688125.0,13260.0,354667.0,341407.0,2.7,51.0,66.8,76.34730538922156
Portugal,2015.0,108.0,471.0,107.0,2.4,22.3,75.2,7.5,24.3,,1.8,19228.7,199314.0,11864.0,55045.0,66909.0,12.4,53.7,64.1,83.77535101404058
Portugal,2020.0,108.0,2292.0,111.0,2.5,22.2,75.3,5.4,24.8,,8.3,22240.0,229032.0,16434.0,61400.0,77834.0,6.8,53.6,63.0,85.07936507936508
Portugal,2024.0,110.0,3974.0,126.0,2.1,21.5,76.4,5.0,24.0,,6.8,24812.9,254850.0,29577.0,83909.0,113486.0,6.5,54.9,63.5,86.45669291338582
Puerto Rico,2015.0,102.0,,105.0,0.8,51.1,48.0,1.4,13.7,,1.0,29558.4,103376.0,,,,12.0,31.9,49.2,64.83739837398373
Puerto Rico,2020.0,95.0,,107.0,0.7,50.0,49.3,1.3,12.8,,4.2,31523.4,103131.0,,,,8.9,31.2,51.3,60.81871345029239
Puerto Rico,2024.0,95.0,,,0.7,46.5,52.8,1.3,12.4,,3.4,34877.2,113435.0,,,,6.0,32.0,52.3,61.18546845124283
Qatar,2015.0,113.0,13751.0,105.0,0.2,55.4,44.4,1.2,54.1,,4.8,66984.9,161740.0,44479.0,77090.0,32611.0,0.2,56.3,95.6,58.89121338912135
Qatar,2020.0,159.0,2986.0,97.0,0.3,49.6,50.0,1.4,44.3,,3.6,52315.7,144411.0,25669.0,51504.0,25835.0,0.1,59.8,96.1,62.22684703433923
Qatar,2024.0,146.0,36470.0,107.0,0.2,63.0,36.8,1.3,40.0,,4.7,87974.2,237101.0,64766.0,97839.0,33073.0,0.1,64.3,96.7,66.49431230610135
Republic of Korea,2015.0,100.0,105119.0,110.0,2.2,37.2,60.6,5.2,25.4,,2.8,28743.8,1465773.0,90266.0,526753.0,436487.0,3.6,52.3,74.1,70.58029689608637
Republic of Korea,2020.0,99.0,75902.0,116.0,1.9,35.6,62.4,5.4,24.6,,0.7,31716.1,1644313.0,44829.0,512419.0,467591.0,3.9,53.1,72.6,73.1404958677686
Republic of Korea,2024.0,101.0,35488.0,129.0,1.8,34.7,63.5,5.4,24.5,,2.6,32305.1,1673917.0,10028.0,632573.0,642601.0,2.8,55.3,73.5,75.23809523809524
Republic of Moldova,2015.0,91.0,463.0,136.0,14.7,24.2,61.1,59.6,10.5,,0.7,2379.2,7798.0,2020.0,1967.0,3987.0,1.8,69.4,71.1,97.60900140646977
Republic of Moldova,2020.0,81.0,887.0,173.0,10.8,26.7,62.5,57.8,11.4,,8.3,3737.9,11531.0,2949.0,2467.0,5416.0,1.2,68.0,71.6,94.97206703910615
Republic of Moldova,2024.0,90.0,1974.0,265.0,9.2,23.3,67.5,55.4,12.7,,5.9,4433.4,14510.0,4625.0,4049.0,8674.0,1.4,71.3,72.3,98.61687413554634
Romania,2015.0,96.0,1396.0,114.0,5.0,35.1,59.9,25.6,28.5,,3.2,8936.2,177884.0,9253.0,60605.0,69858.0,6.8,45.3,64.6,70.12383900928792
Romania,2020.0,87.0,12535.0,127.0,4.6,29.3,66.1,20.5,29.7,,3.7,12928.8,251362.0,21010.0,71046.0,92056.0,5.0,45.4,65.6,69.20731707317074
Romania,2024.0,85.0,24487.0,168.0,4.9,31.7,63.3,18.0,32.8,,4.6,15295.1,300691.0,31320.0,100642.0,131963.0,5.5,42.7,61.9,68.98222940226172
Russian Federation,2015.0,100.0,67777.0,152.0,4.3,33.2,62.5,6.7,27.2,,2.0,9424.9,1363482.0,161126.0,,,5.6,55.6,71.3,77.9803646563815
Russian Federation,2020.0,112.0,35373.0,187.0,4.4,33.0,62.6,6.0,26.5,,2.7,10253.4,1493076.0,105440.0,,,5.6,54.8,69.8,78.51002865329512
Russian Federation,2024.0,126.0,50224.0,240.0,4.3,36.2,59.5,5.7,26.6,,2.1,15481.8,2240422.0,248271.0,,,3.2,53.5,67.9,78.79234167893962
Rwanda,2015.0,101.0,1084.0,122.0,26.3,19.1,54.5,63.6,9.5,,8.9,732.3,8526.0,1777.0,594.0,2370.0,11.9,54.6,67.3,81.12927191679049
Rwanda,2020.0,114.0,1228.0,151.0,29.0,20.3,50.7,50.1,17.2,,3.4,774.7,10185.0,2275.0,1431.0,3707.0,11.8,56.6,69.2,81.79190751445087
Rwanda,2024.0,117.0,1654.0,198.0,26.9,22.9,50.2,56.0,14.4,,8.1,966.3,13313.0,3443.0,1582.0,5025.0,14.8,55.1,66.4,82.98192771084338
Réunion,2015.0,,,105.0,,,,4.3,12.7,81.7,,,,,,,28.9,49.1,61.3,80.0978792822186
Réunion,2020.0,,,108.0,,,,,,,,,,,,,,,,
Réunion,2024.0,,,117.0,,,,,,,,,,,,,,,,
Saint Helena,2015.0,,,,,,,,,,,,,40.0,,,,,,
Saint Helena,2020.0,,,,,,,,,,,,,81.0,,,,,,
Saint Helena,2024.0,,,,,,,,,,,,,93.0,,,,,,
Saint Kitts and Nevis,2015.0,100.0,78.0,106.0,1.0,26.0,73.0,,,,0.7,20025.9,957.0,265.0,32.0,297.0,,,,
Saint Kitts and Nevis,2020.0,95.0,96.0,103.0,1.3,26.2,72.5,,,,14.5,18566.0,885.0,352.0,51.0,402.0,,,,
Saint Kitts and Nevis,2024.0,115.0,143.0,111.0,1.5,23.1,75.4,,,,7.7,20547.2,979.0,397.0,98.0,495.0,,,,
Saint Lucia,2015.0,101.0,9.0,111.0,2.5,12.5,85.0,11.0,16.9,,0.1,10291.2,1807.0,403.0,181.0,583.0,20.8,63.9,75.7,84.4121532364597
Saint Lucia,2020.0,89.0,284.0,109.0,2.5,14.8,82.8,7.6,13.0,,25.4,7926.8,1421.0,465.0,67.0,533.0,20.4,61.9,71.1,87.06047819971872
Saint Lucia,2024.0,91.0,45.0,123.0,1.8,11.6,86.6,10.5,16.8,,15.4,12038.4,2165.0,1300.0,102.0,1403.0,15.7,63.1,71.7,88.00557880055788
Saint Pierre and Miquelon,2015.0,,,,,,,,,,,,,1726.0,,,,,,
Saint Pierre and Miquelon,2020.0,,,,,,,,,,,,,3074.0,,,,,,
Saint Pierre and Miquelon,2024.0,,,,,,,,,,,,,3421.0,,,,,,
Saint Vincent and the Grenadines,2015.0,100.0,123.0,105.0,7.3,17.4,75.3,11.2,19.7,,2.8,7386.7,787.0,287.0,47.0,334.0,19.1,53.8,75.4,71.35278514588859
Saint Vincent and the Grenadines,2020.0,102.0,137.0,110.0,10.2,14.9,74.9,10.2,19.6,,3.7,8306.4,869.0,266.0,55.0,321.0,20.7,52.6,72.6,72.45179063360882
Saint Vincent and the Grenadines,2024.0,101.0,143.0,123.0,5.6,17.6,76.8,9.7,19.9,,5.5,9107.4,947.0,773.0,42.0,815.0,17.9,55.1,75.2,73.27127659574468
Samoa,2015.0,89.0,13.0,108.0,9.2,16.2,74.6,24.9,15.3,,6.1,4055.4,826.0,312.0,59.0,371.0,8.9,41.2,66.9,61.58445440956651
Samoa,2020.0,79.0,76.0,116.0,11.0,12.4,76.6,20.9,16.0,,10.1,3857.8,829.0,276.0,37.0,313.0,10.4,40.7,66.0,61.66666666666667
Samoa,2024.0,83.0,47.0,143.0,11.9,11.9,76.2,20.1,16.3,,0.0,3854.9,857.0,426.0,42.0,468.0,9.3,41.3,67.3,61.367013372956905
San Marino,2015.0,,,108.0,0.0,35.1,64.9,0.3,34.3,65.4,6.2,42264.8,1419.0,,,,6.6,,,
San Marino,2020.0,,43.0,113.0,0.0,38.1,61.9,,,,6.6,45423.4,1545.0,,,,,,,
San Marino,2024.0,,280.0,117.0,0.0,39.5,60.5,,,,5.0,52903.1,1781.0,,,,,,,
Sao Tome and Principe,2015.0,90.0,69.0,154.0,12.2,15.7,72.1,19.5,19.3,,3.9,1582.4,318.0,133.0,9.0,142.0,13.6,37.3,71.5,52.16783216783216
Sao Tome and Principe,2020.0,105.0,60.0,219.0,14.3,13.5,72.2,17.8,19.8,,3.1,2179.2,476.0,126.0,12.0,138.0,15.4,37.2,69.7,53.3715925394548
Sao Tome and Principe,2024.0,107.0,79.0,339.0,13.2,13.7,73.2,17.1,20.0,,0.1,2404.6,547.0,167.0,17.0,184.0,14.2,37.8,70.4,53.69318181818181
Saudi Arabia,2015.0,101.0,52640.0,96.0,2.8,45.1,52.1,5.9,23.8,,4.7,20442.4,669484.0,28903.0,203689.0,174786.0,5.6,22.2,79.9,27.784730913642047
Saudi Arabia,2020.0,169.0,25547.0,101.0,3.1,41.2,55.7,3.2,22.9,,4.3,20398.1,734271.0,54386.0,185699.0,131313.0,7.4,29.5,80.1,36.82896379525593
Saudi Arabia,2024.0,172.0,34070.0,109.0,2.5,56.2,41.3,2.9,16.9,,8.7,30436.3,1108149.0,121320.0,327043.0,205723.0,4.8,34.2,79.6,42.964824120603026
Senegal,2015.0,110.0,945.0,105.0,16.0,26.4,57.6,31.3,18.4,,6.4,1237.2,17761.0,2984.0,2612.0,5595.0,6.8,34.3,57.7,59.44540727902945
Senegal,2020.0,182.0,2662.0,112.0,18.0,25.8,56.2,23.0,21.6,,1.3,1492.5,24531.0,3883.0,3929.0,7812.0,3.3,37.3,64.2,58.09968847352024
Senegal,2024.0,176.0,3327.0,133.0,18.2,25.3,56.5,21.5,22.6,,4.0,1604.0,27776.0,5468.0,4812.0,10280.0,2.9,37.5,63.6,58.9622641509434
Serbia,2015.0,94.0,1370.0,133.0,8.1,30.9,61.0,19.4,24.5,,1.8,5273.8,39656.0,4831.0,,,17.7,43.3,60.8,71.2171052631579
Serbia,2020.0,111.0,2177.0,146.0,7.6,30.0,62.4,14.6,27.9,,0.9,7251.5,53356.0,6727.0,,,9.0,46.5,63.1,73.69255150554676
Serbia,2024.0,98.0,1954.0,192.0,7.7,30.4,61.9,13.6,29.1,,2.3,8802.1,63563.0,8893.0,,,6.8,51.5,68.6,75.0728862973761
Seychelles,2015.0,100.0,256.0,121.0,2.5,17.0,80.5,3.6,17.9,78.2,9.7,14433.8,1432.0,501.0,,,4.1,61.9,68.3,90.62957540263542
Seychelles,2020.0,129.0,173.0,132.0,2.3,16.7,81.0,,,,8.5,13067.8,1379.0,1084.0,,,,,,
Seychelles,2024.0,150.0,155.0,147.0,2.6,14.0,83.4,,,,3.7,18622.9,1995.0,2317.0,,,,,,
Sierra Leone,2015.0,96.0,1003.0,134.0,60.5,4.6,34.9,55.9,6.7,,20.5,580.8,4248.0,1666.0,93.0,1759.0,4.7,55.1,57.3,96.16055846422339
Sierra Leone,2020.0,92.0,320.0,266.0,62.2,5.5,32.4,44.6,11.6,,2.0,493.4,4063.0,908.0,313.0,1221.0,3.6,51.0,55.6,91.72661870503596
Sierra Leone,2024.0,105.0,157.0,558.0,60.0,6.8,33.1,43.3,12.0,,3.8,404.5,3481.0,1502.0,521.0,2023.0,3.2,51.4,56.2,91.45907473309607
Singapore,2015.0,99.0,57574.0,113.0,0.0,25.8,74.2,0.2,17.2,,3.0,54512.8,307998.0,49820.0,357941.0,308122.0,3.8,62.3,79.2,78.66161616161615
Singapore,2020.0,123.0,57957.0,114.0,0.0,24.5,75.5,0.1,14.8,,3.9,58950.9,348392.0,45059.0,373684.0,328624.0,4.1,62.4,77.5,80.51612903225806
Singapore,2024.0,131.0,99128.0,130.0,0.0,25.4,74.6,0.1,14.2,,3.6,78114.6,466789.0,52089.0,475051.0,422962.0,3.5,60.5,75.0,80.66666666666666
Sint Maarten (Dutch part),2015.0,,18.0,,,5.5,94.5,,,,0.5,34000.3,1367.0,,,,,,,
Sint Maarten (Dutch part),2020.0,,290.0,,,6.7,93.3,,,,16.5,28433.1,1240.0,,,,,,,
Sint Maarten (Dutch part),2024.0,,42.0,,,7.0,93.0,,,,9.7,35607.5,1573.0,,,,,,,
Slovakia,2015.0,90.0,1849.0,109.0,2.4,34.0,63.6,3.2,36.1,,5.2,16382.3,88865.0,1905.0,75010.0,73105.0,11.5,52.0,67.9,76.58321060382916
Slovakia,2020.0,102.0,672.0,118.0,1.9,31.4,66.7,2.6,36.6,,3.3,19559.8,106731.0,1709.0,86708.0,84998.0,6.7,51.9,66.6,77.92792792792793
Slovakia,2024.0,86.0,2088.0,151.0,2.5,31.9,65.6,2.5,35.9,,1.8,20431.6,115305.0,1707.0,117063.0,115356.0,5.7,55.5,67.7,81.97932053175775
Slovenia,2015.0,102.0,1646.0,106.0,2.4,32.4,65.2,7.1,32.0,,2.2,20707.8,43090.0,717.0,26587.0,25870.0,9.0,51.9,62.9,82.51192368839428
Slovenia,2020.0,105.0,3882.0,111.0,2.4,33.1,64.6,4.1,34.0,,4.2,25374.7,53735.0,958.0,37471.0,36513.0,5.0,53.2,62.4,85.25641025641026
Slovenia,2024.0,94.0,3057.0,132.0,2.1,32.0,65.9,4.3,30.2,,2.5,28295.4,59982.0,2183.0,59507.0,61690.0,3.4,54.0,63.1,85.57844690966719
Solomon Islands,2015.0,100.0,36.0,125.0,33.3,15.6,51.2,40.4,9.7,,1.7,2134.8,1308.0,65.0,400.0,466.0,0.7,82.5,85.8,96.15384615384616
Solomon Islands,2020.0,104.0,25.0,137.0,34.1,17.2,48.6,38.1,11.3,,3.4,2222.5,1536.0,45.0,384.0,429.0,0.9,81.5,84.9,95.99528857479388
Solomon Islands,2024.0,107.0,178.0,153.0,33.5,17.7,48.8,37.3,11.4,,4.1,2205.3,1597.0,241.0,413.0,654.0,1.6,82.8,86.3,95.94438006952491
Somalia,2015.0,102.0,,,60.2,7.3,32.5,30.3,16.4,,23.7,481.5,6628.0,1166.0,,,18.4,20.9,47.9,43.63256784968685
Somalia,2020.0,100.0,,,60.2,7.4,32.5,26.7,17.6,,2.6,556.6,9204.0,3391.0,,,19.6,20.9,46.7,44.75374732334046
Somalia,2024.0,99.0,,,60.2,7.4,32.5,25.9,17.8,,2.4,592.1,10420.0,3198.0,,,19.1,21.2,47.3,44.82029598308668
South Africa,2015.0,101.0,14944.0,130.0,2.5,26.3,71.2,15.4,21.4,,1.3,6200.9,346486.0,5232.0,80036.0,85267.0,22.9,51.0,65.0,78.46153846153847
South Africa,2020.0,111.0,6701.0,164.0,2.9,25.8,71.4,21.4,17.6,,6.0,5753.1,338291.0,16284.0,85227.0,68943.0,24.3,48.7,61.3,79.44535073409462
South Africa,2024.0,113.0,6160.0,194.0,3.2,27.5,69.4,19.3,18.1,,1.9,6766.5,405271.0,3485.0,110608.0,107123.0,28.6,52.2,64.1,81.43525741029643
South Sudan,2015.0,100.0,500.0,332.0,4.2,45.0,50.9,60.4,14.5,,6.9,556.6,6231.0,1658.0,,,12.4,69.8,71.8,97.21448467966573
South Sudan,2020.0,107.0,1718.0,20423.0,6.0,39.6,54.4,61.0,13.4,,3.4,396.6,4207.0,216.0,,,14.4,69.4,70.3,98.71977240398294
South Sudan,2024.0,115.0,597.0,21563.0,2.8,62.5,34.7,60.3,13.7,,0.5,423.0,4616.0,655.0,,,11.8,70.4,71.2,98.87640449438203
Spain,2015.0,99.0,24108.0,107.0,3.0,22.1,74.9,4.1,19.9,,3.8,25751.5,1195676.0,27750.0,276959.0,304708.0,22.1,52.6,64.6,81.42414860681116
Spain,2020.0,117.0,8229.0,111.0,3.1,22.1,74.9,4.0,20.5,,11.2,26985.3,1278129.0,17658.0,312081.0,329739.0,15.5,51.1,61.9,82.55250403877221
Spain,2024.0,98.0,41094.0,128.0,2.6,22.8,74.6,3.8,20.1,,5.8,29771.1,1415874.0,48874.0,420170.0,469043.0,12.2,52.3,63.0,83.01587301587301
Sri Lanka,2015.0,104.0,1883.0,110.0,8.9,32.1,58.9,28.7,25.8,,4.2,3990.4,85141.0,8528.0,10440.0,18967.0,4.5,35.4,73.8,47.96747967479675
Sri Lanka,2020.0,109.0,1187.0,138.0,8.7,29.9,61.3,27.1,26.9,,4.6,3888.6,84441.0,4900.0,10707.0,15607.0,5.4,31.7,71.3,44.460028050490884
Sri Lanka,2024.0,99.0,1559.0,221.0,9.2,31.8,59.0,26.4,27.0,,7.8,3489.7,76187.0,4334.0,12052.0,16386.0,6.6,32.1,71.5,44.8951048951049
State of Palestine,2015.0,90.0,1939.0,111.0,8.7,19.2,72.1,8.7,28.7,,3.7,3115.6,13972.0,4268.0,958.0,5225.0,23.0,18.0,70.8,25.423728813559322
State of Palestine,2020.0,117.0,1903.0,112.0,8.4,20.1,71.5,6.4,30.6,,11.3,3094.3,15532.0,5009.0,1055.0,6063.0,25.9,16.4,66.3,24.736048265460028
State of Palestine,2024.0,112.0,2037.0,124.0,8.0,20.8,71.2,6.2,32.6,,3.9,3640.3,19112.0,7563.0,1525.0,9089.0,24.4,18.9,71.9,26.286509040333794
Sudan,2015.0,92.0,5461.0,350.0,32.0,16.3,51.8,42.7,14.8,,4.0,2198.9,83934.0,2826.0,,,17.1,28.6,69.4,41.210374639769455
Sudan,2020.0,118.0,5841.0,3539.0,20.4,21.1,58.4,41.1,14.3,,3.6,771.6,34291.0,1150.0,,,19.2,28.5,68.0,41.911764705882355
Sudan,2024.0,117.0,4443.0,55732.0,20.1,21.7,58.1,40.4,14.5,,2.5,783.6,36729.0,5941.0,,,20.8,28.0,67.6,41.42011834319527
Suriname,2015.0,98.0,786.0,139.0,11.3,29.6,59.1,7.2,27.2,,2.6,8907.8,5126.0,90.0,1814.0,1904.0,7.2,44.4,66.8,66.46706586826348
Suriname,2020.0,86.0,260.0,398.0,8.4,37.9,53.7,7.8,26.3,,16.0,6851.2,4159.0,660.0,2193.0,1533.0,8.7,43.1,63.1,68.30427892234549
Suriname,2024.0,88.0,147.0,1462.0,8.3,45.9,45.8,7.5,26.4,,2.4,5858.8,3621.0,614.0,2311.0,1697.0,7.7,45.0,64.4,69.87577639751552
Sweden,2015.0,102.0,16159.0,104.0,1.6,24.9,73.4,2.0,18.3,,4.5,51283.0,505104.0,2019.0,140006.0,137987.0,7.4,61.2,68.0,90.0
Sweden,2020.0,101.0,32230.0,111.0,1.5,24.3,74.2,1.7,18.3,,2.2,52758.8,547054.0,5499.0,154936.0,149436.0,8.3,61.7,69.1,89.29088277858177
Sweden,2024.0,101.0,40073.0,133.0,1.6,26.9,71.5,1.9,17.2,,2.8,56040.3,591189.0,5158.0,197928.0,192770.0,8.7,63.4,70.6,89.80169971671388
Switzerland,2015.0,99.0,61631.0,98.0,0.6,25.0,74.4,3.4,20.7,,1.6,83813.2,694118.0,38439.0,289629.0,251190.0,4.8,62.3,74.2,83.96226415094338
Switzerland,2020.0,99.0,2451.0,99.0,0.7,25.5,73.8,2.5,20.4,,2.1,85893.3,741999.0,28178.0,318580.0,290402.0,4.8,62.5,73.4,85.14986376021798
Switzerland,2024.0,97.0,67821.0,104.0,0.6,25.6,73.8,2.3,20.3,,2.6,93636.4,818427.0,56206.0,420104.0,363899.0,3.8,61.3,71.5,85.73426573426573
Syrian Arab Republic,2015.0,108.0,367.0,449.0,33.1,15.5,51.4,16.6,23.3,,4.2,1050.8,20182.0,5388.0,,,14.2,13.5,63.0,21.428571428571427
Syrian Arab Republic,2020.0,119.0,,896.0,36.6,22.3,41.1,16.1,22.3,,0.2,835.5,17356.0,989.0,,,15.3,13.2,60.6,21.78217821782178
Syrian Arab Republic,2024.0,97.0,,,35.1,22.4,42.6,15.5,22.7,,0.9,840.5,18596.0,4074.0,,,13.2,14.1,63.6,22.169811320754715
Tajikistan,2015.0,100.0,477.0,140.0,23.9,,45.3,48.4,17.8,,6.0,970.4,8271.0,2238.0,979.0,3216.0,7.6,31.9,53.1,60.07532956685498
Tajikistan,2020.0,155.0,354.0,194.0,24.7,,38.4,44.8,20.1,,4.4,852.3,8134.0,2421.0,718.0,3139.0,7.3,31.0,50.6,61.26482213438735
Tajikistan,2024.0,151.0,584.0,233.0,27.1,,45.6,43.5,20.8,,8.0,1054.2,10492.0,5785.0,1344.0,7129.0,7.0,31.5,51.1,61.64383561643836
Thailand,2015.0,97.0,27753.0,110.0,8.9,36.2,54.9,32.3,23.7,,3.1,5708.8,401296.0,11667.0,214309.0,202642.0,0.6,61.1,77.9,78.43388960205391
Thailand,2020.0,99.0,20933.0,112.0,8.7,33.3,58.0,31.4,22.6,,6.1,7001.8,500457.0,23692.0,231388.0,207696.0,1.1,59.2,75.4,78.51458885941645
Thailand,2024.0,106.0,7002.0,122.0,8.8,35.0,56.2,30.4,22.2,,2.6,6908.8,495341.0,13345.0,281285.0,294630.0,0.8,58.6,75.0,78.13333333333333
Timor-Leste,2015.0,104.0,225.0,143.0,17.8,18.4,63.8,52.9,11.5,,2.8,1322.9,1595.0,991.0,27.0,1018.0,4.5,61.5,72.7,84.59422283356258
Timor-Leste,2020.0,93.0,269.0,146.0,13.4,37.4,49.2,42.5,12.2,,32.0,1663.6,2163.0,247.0,250.0,497.0,2.8,60.5,71.7,84.37935843793584
Timor-Leste,2024.0,102.0,228.0,,10.1,53.1,36.8,39.2,11.8,,20.5,2389.3,3205.0,516.0,304.0,820.0,1.8,61.4,72.4,84.80662983425414
Togo,2015.0,97.0,461.0,111.0,20.8,25.1,54.1,36.5,18.9,,5.5,769.6,5751.0,1085.0,793.0,1878.0,2.2,55.6,60.9,91.29720853858785
Togo,2020.0,113.0,21.0,115.0,21.3,22.0,56.8,31.8,19.8,,1.1,871.0,7354.0,1177.0,979.0,2156.0,4.2,55.4,59.1,93.7394247038917
Togo,2024.0,123.0,,130.0,20.6,22.6,56.7,30.8,20.0,,5.8,913.9,8087.0,1593.0,1456.0,3049.0,3.7,56.2,59.7,94.13735343383584
Tokelau,2015.0,103.0,,,,,,,,,,,,1.0,,,,,,
Tokelau,2020.0,109.0,,,,,,,,,,,,1.0,,,,,,
Tokelau,2024.0,110.0,,,,,,,,,,,,1.0,,,,,,
Tonga,2015.0,106.0,44.0,110.0,19.7,18.1,62.3,31.5,26.5,,1.2,3799.9,403.0,163.0,,,2.0,42.8,66.8,64.07185628742515
Tonga,2020.0,97.0,36.0,113.0,21.3,17.7,61.0,28.8,26.9,,0.5,4626.2,487.0,201.0,,,2.7,42.2,65.2,64.7239263803681
Tonga,2024.0,98.0,29.0,,21.6,18.3,60.1,26.9,27.6,,2.0,4570.6,488.0,117.0,,,2.3,42.9,66.2,64.8036253776435
Trinidad and Tobago,2015.0,89.0,2057.0,134.0,1.7,37.4,60.9,3.4,27.9,,0.8,18509.2,27027.0,1509.0,10748.0,9239.0,2.4,49.5,70.9,69.8166431593794
Trinidad and Tobago,2020.0,90.0,1356.0,144.0,1.9,32.4,65.7,3.1,26.0,,9.1,13706.0,20808.0,643.0,5519.0,4876.0,4.2,46.7,63.8,73.19749216300941
Trinidad and Tobago,2024.0,93.0,5382.0,163.0,1.1,50.0,48.9,3.0,26.7,,1.5,19629.4,30053.0,2671.0,7293.0,4623.0,3.3,46.0,63.8,72.10031347962382
Tunisia,2015.0,115.0,3924.0,127.0,9.9,26.8,63.3,14.8,33.1,,2.4,3960.9,45779.0,6149.0,14073.0,20223.0,15.2,26.1,68.9,37.88098693759071
Tunisia,2020.0,123.0,2524.0,168.0,11.3,23.4,65.3,14.5,33.3,,8.6,3497.7,42538.0,4585.0,13861.0,18445.0,18.6,25.2,65.3,38.59111791730474
Tunisia,2024.0,109.0,4018.0,210.0,10.5,24.8,64.7,14.0,33.4,,2.5,3737.5,46181.0,5617.0,20280.0,25897.0,17.7,26.9,68.9,39.04208998548621
Turkmenistan,2015.0,97.0,,,9.4,55.1,35.5,26.4,31.7,,3.0,6252.0,36052.0,3473.0,,,4.0,49.3,47.0,104.8936170212766
Turkmenistan,2020.0,119.0,,,11.2,45.4,43.4,23.4,33.5,,2.9,7382.1,46141.0,3259.0,,,4.6,47.6,45.3,105.07726269315674
Turkmenistan,2024.0,117.0,,,11.1,44.3,44.6,22.7,33.7,,1.6,10420.1,67009.0,10311.0,,,4.2,49.2,46.6,105.5793991416309
Turks and Caicos Islands,2015.0,,154.0,,0.6,11.1,88.3,,,,11.3,25783.3,942.0,405.0,,,,,,
Turks and Caicos Islands,2020.0,,173.0,,0.5,17.6,81.9,,,,26.8,20882.3,925.0,346.0,,,,,,
Turks and Caicos Islands,2024.0,,,,0.4,15.2,84.3,,,,0.5,24917.6,1139.0,679.0,,,,,,
Tuvalu,2015.0,100.0,12.0,101.0,13.9,,73.7,,,,10.4,3327.6,36.0,41.0,,,,,,
Tuvalu,2020.0,113.0,8.0,,9.1,,75.4,,,,4.2,4675.4,52.0,27.0,,,,,,
Tuvalu,2024.0,111.0,3.0,,9.0,,73.6,,,,0.7,5219.3,59.0,67.0,,,,,,
Türkiye,2015.0,102.0,21355.0,146.0,7.8,31.6,60.6,20.4,27.2,,6.1,10851.9,864314.0,62637.0,,,10.2,31.3,71.3,43.899018232819074
Türkiye,2020.0,119.0,31085.0,263.0,7.5,31.5,61.0,17.6,26.2,,1.9,8561.7,720338.0,49856.0,,,13.1,30.8,68.0,45.294117647058826
Türkiye,2024.0,129.0,44961.0,835.0,7.2,35.0,57.8,16.7,27.7,,5.5,10629.3,907118.0,105997.0,,,9.9,35.3,71.6,49.30167597765363
Uganda,2015.0,103.0,1649.0,151.0,23.3,29.4,47.3,70.8,7.0,,6.1,781.7,29297.0,3261.0,2267.0,5528.0,2.8,66.7,73.9,90.25710419485792
Uganda,2020.0,139.0,3598.0,111.0,26.6,28.5,44.9,67.9,7.1,,1.4,857.1,38061.0,4102.0,4149.0,8251.0,3.8,66.9,71.9,93.04589707927677
Uganda,2024.0,136.0,4172.0,128.0,27.1,28.2,44.7,66.3,7.3,,6.5,1021.0,48243.0,6958.0,5610.0,12568.0,2.8,67.6,72.3,93.49930843706777
Ukraine,2015.0,97.0,5035.0,180.0,14.2,25.6,60.2,15.3,24.7,,9.8,2023.7,91031.0,611.0,,,9.1,50.4,63.4,79.49526813880125
Ukraine,2020.0,99.0,5267.0,290.0,10.8,24.2,64.9,15.3,23.9,,3.8,3566.8,156618.0,4444.0,,,9.5,48.2,63.4,76.02523659305994
Ukraine,2024.0,88.0,9209.0,430.0,9.3,21.8,68.9,15.1,24.1,,29.1,4042.7,160503.0,27376.0,,,9.8,47.8,62.9,75.99364069952304
United Arab Emirates,2015.0,98.0,,109.0,0.7,43.4,55.9,2.1,31.5,,6.8,41525.1,370275.0,13454.0,,,1.8,49.4,91.4,54.048140043763674
United Arab Emirates,2020.0,125.0,,112.0,1.0,42.2,56.9,1.8,27.6,,5.0,37629.2,349473.0,88336.0,,,4.3,61.0,90.0,67.77777777777779
United Arab Emirates,2024.0,125.0,,107.0,0.8,51.5,47.7,1.4,29.6,,7.9,53708.0,507064.0,3343.0,,,2.9,56.2,93.1,60.365198711063385
United Kingdom,2015.0,101.0,144834.0,112.0,0.7,20.3,79.0,1.1,18.7,,2.2,44889.8,2927911.0,163955.0,466296.0,630251.0,5.3,57.2,68.5,83.50364963503651
United Kingdom,2020.0,98.0,78217.0,122.0,0.7,19.3,80.0,1.0,18.2,,10.4,40230.1,2697807.0,238483.0,395692.0,634175.0,4.5,58.6,67.2,87.20238095238095
United Kingdom,2024.0,101.0,110393.0,146.0,0.9,18.4,80.8,1.0,18.1,,4.3,45758.0,3089073.0,270611.0,520775.0,791386.0,4.9,58.2,66.6,87.38738738738739
United Republic of Tanzania,2015.0,103.0,2619.0,158.0,29.2,26.7,44.1,67.6,6.5,,6.2,927.1,47379.0,8852.0,5854.0,14706.0,2.1,79.6,87.7,90.76396807297604
United Republic of Tanzania,2020.0,112.0,1459.0,194.0,28.6,31.4,39.9,65.8,8.0,,4.8,1055.9,63392.0,2440.0,6076.0,8517.0,2.8,76.1,85.0,89.52941176470588
United Republic of Tanzania,2024.0,110.0,5384.0,217.0,28.4,33.5,38.2,65.5,8.5,,4.7,1153.8,73535.0,7843.0,7274.0,15117.0,2.5,77.2,86.0,89.76744186046513
United States Virgin Islands,2015.0,,,,,,,1.6,15.7,,,,,,,,12.2,49.1,69.5,70.6474820143885
United States Virgin Islands,2020.0,,,,,,,1.4,15.2,,,,,,,,14.7,43.6,64.0,68.125
United States Virgin Islands,2024.0,,,,,,,1.3,15.2,,,,,,,,11.8,44.9,66.0,68.03030303030303
United States of America,2015.0,97.0,408447.0,109.0,1.0,18.9,80.1,1.8,19.6,,2.9,56360.3,18295000.0,811579.0,1501846.0,2313425.0,5.3,56.0,68.4,81.87134502923976
United States of America,2020.0,103.0,597145.0,119.0,0.8,17.4,81.9,1.7,19.4,,2.2,63472.3,21323000.0,975128.0,1430254.0,2405382.0,8.0,55.7,67.1,83.01043219076007
United States of America,2024.0,101.0,818822.0,140.0,1.1,18.3,80.7,1.6,19.3,,1.9,76100.7,25744100.0,1149929.0,2018543.0,3168471.0,3.9,55.7,66.7,83.50824587706147
Uruguay,2015.0,101.0,147.0,150.0,7.7,22.1,70.3,8.8,20.5,,1.8,16774.6,57081.0,1820.0,7670.0,9489.0,7.5,56.3,74.4,75.67204301075267
Uruguay,2020.0,92.0,364.0,223.0,7.4,19.8,72.8,8.0,18.2,,6.3,15650.5,53667.0,701.0,6864.0,7564.0,10.3,54.4,68.7,79.1848617176128
Uruguay,2024.0,98.0,2797.0,277.0,8.0,20.4,71.6,8.4,18.1,,4.9,20793.3,71171.0,3293.0,9193.0,12486.0,8.3,55.1,71.4,77.17086834733892
Uzbekistan,2015.0,101.0,896.0,,31.8,24.5,43.7,27.5,22.9,,7.2,2785.1,86196.0,14963.0,5052.0,20016.0,5.2,40.9,73.4,55.72207084468664
Uzbekistan,2020.0,105.0,3028.0,173.0,26.8,33.4,39.7,26.9,23.7,,2.0,1796.3,60225.0,6740.0,13281.0,20020.0,5.3,39.5,72.2,54.70914127423823
Uzbekistan,2024.0,113.0,7788.0,235.0,25.2,33.4,41.5,25.9,24.2,,5.7,2321.6,80392.0,15866.0,19649.0,35515.0,4.3,39.8,72.7,54.74552957359009
Vanuatu,2015.0,98.0,115.0,107.0,23.1,11.5,65.4,56.3,7.1,,0.2,2748.1,760.0,195.0,,,5.2,60.7,78.5,77.32484076433121
Vanuatu,2020.0,82.0,58.0,123.0,24.4,11.0,64.6,44.7,10.7,,5.0,2917.8,909.0,245.0,,,4.0,59.7,77.6,76.93298969072166
Vanuatu,2024.0,83.0,127.0,150.0,23.6,10.7,65.8,42.3,11.2,,1.8,3015.4,985.0,173.0,,,5.2,60.7,78.7,77.12833545108005
Venezuela (Bolivarian Republic of),2015.0,104.0,16051.0,772.0,4.6,49.1,46.3,6.3,21.3,,6.2,11256.6,343662.0,2898.0,,,6.1,48.3,75.6,63.88888888888889
Venezuela (Bolivarian Republic of),2020.0,90.0,3870.0,93584.0,5.2,48.4,46.3,11.5,18.2,,30.0,3716.9,105896.0,4301.0,,,7.5,38.6,64.1,60.21840873634946
Venezuela (Bolivarian Republic of),2024.0,90.0,,10038.0,5.0,50.1,44.9,11.5,17.9,,8.0,4569.1,129314.0,7509.0,,,5.4,40.2,71.2,56.46067415730337
Viet Nam,2015.0,101.0,2041.0,145.0,15.9,37.7,46.4,44.0,22.7,,7.0,2595.2,239258.0,3759.0,162017.0,165776.0,1.8,72.5,82.2,88.19951338199513
Viet Nam,2020.0,108.0,15060.0,169.0,13.9,40.3,45.9,32.6,31.1,,2.9,3586.3,346616.0,20132.0,281441.0,261309.0,2.1,67.9,79.0,85.9493670886076
Viet Nam,2024.0,114.0,25090.0,183.0,13.0,41.8,45.2,33.6,30.6,,8.0,4163.5,408802.0,12121.0,370909.0,358788.0,1.7,68.0,77.9,87.29139922978176
Wallis and Futuna Islands,2015.0,,,,,,,,,,,,,48.0,,,,,,
Wallis and Futuna Islands,2020.0,,,,,,,,,,,,,68.0,,,,,,
Wallis and Futuna Islands,2024.0,,,,,,,,,,,,,78.0,,,,,,
Western Sahara,2015.0,,,,,,,21.6,21.2,,,,,,,,7.6,29.5,79.2,37.24747474747475
Western Sahara,2020.0,,,,,,,19.7,21.3,,,,,,,,9.0,28.6,75.3,37.98140770252324
Western Sahara,2024.0,,,,,,,19.1,21.4,,,,,,,,8.1,31.0,79.5,38.9937106918239
Yemen,2015.0,100.0,3026.0,158.0,18.2,20.1,61.7,30.2,12.8,,36.1,870.3,24819.0,6063.0,510.0,6573.0,17.9,5.2,58.0,8.96551724137931
Yemen,2020.0,112.0,2419.0,,19.6,20.9,59.5,30.1,11.4,,1.2,291.7,9417.0,4717.0,33.0,4750.0,18.3,5.1,59.4,8.585858585858585
Yemen,2024.0,119.0,,,19.6,20.9,59.5,29.3,11.7,,1.5,326.7,11007.0,5066.0,33.0,5099.0,17.4,5.1,60.3,8.45771144278607
Zambia,2015.0,93.0,768.0,144.0,5.3,35.5,59.3,60.7,11.4,,2.9,1284.0,20862.0,1367.0,6565.0,7932.0,8.3,51.9,66.4,78.16265060240963
Zambia,2020.0,119.0,2139.0,246.0,3.1,41.6,55.4,59.1,8.7,,2.8,954.4,18064.0,2638.0,7924.0,5286.0,6.0,54.4,67.6,80.4733727810651
Zambia,2024.0,117.0,1093.0,369.0,3.3,37.6,59.1,57.3,10.3,,7.0,1455.5,29137.0,306.0,10431.0,10125.0,4.2,52.1,67.2,77.52976190476191
Zimbabwe,2015.0,101.0,1597.0,106.0,9.3,25.0,65.7,66.3,7.9,,1.8,1410.3,19963.0,2642.0,3411.0,6053.0,5.4,60.7,72.3,83.9557399723375
Zimbabwe,2020.0,112.0,1096.0,2725.0,9.3,34.7,56.0,58.8,12.2,,5.3,1382.6,21665.0,1237.0,4395.0,5632.0,8.7,59.8,71.4,83.75350140056021
Zimbabwe,2024.0,121.0,,11077.0,8.1,44.9,47.0,52.6,13.8,,3.5,1618.7,26419.0,1976.0,7226.0,9202.0,9.0,60.6,72.5,83.58620689655173
